0002,FFC8
0004,CEC0
0005,5EA4
0007,00E6
000C,20B6
000E,005E
0014,8D38
0016,7A0B
001D,780B
001E,1DF8
0020,0F72
0023,F03A
0029,7164
002D,783D
0030,9901
0032,2358
003A,D8A6
003D,DAEA
0059,70CC
005B,2F98
005D,72AC
005E,3D80
0068,CE55
006B,CEB0
0072,F32F
0074,CD83
0075,A80B
0083,F0A6
0087,716B
0089,AF9B
009F,8D1A
00A0,3E95
00A8,CEA5
00AC,FF05
00CB,27CA
00CC,20BA
00D1,8D5A
00D6,B402
00D8,CD08
00DE,D95E
00E9,0156
0105,0752
0114,7205
011D,77F7
0141,6992
0142,6AD2
014E,A3D3
0150,3406
0152,A38F
0155,A5E4
0162,8A3E
0164,B86E
0165,A090
016A,A020
016B,BA6C
016E,7363
017B,A949
017F,A9E9
018E,AC2B
0193,E2AA
0198,E903
019A,D541
019D,7FC3
01B6,7A08
01C6,7A13
01C7,D6E2
01CE,7095
01D3,1290
01D4,1963
01E7,5EEB
01ED,5D47
01FC,C801
0202,0A00
0214,79A8
0215,2CF0
0216,8E68
0217,8D23
0234,D8A1
023E,CD03
023F,D55C
0241,6227
0257,FCB8
0260,F3E9
0261,68BC
0263,68DC
0266,F186
0268,6A27
026C,6A8E
0272,A8E5
0273,A24A
0284,A126
028D,F7E3
0290,20DA
0296,2F6A
0298,E9A0
02A1,A1BA
02A8,AF88
02AC,A0D9
02B8,C94C
02BA,FFD9
02BB,69B2
02C5,2388
02D3,199A
02D6,F31F
02D7,F335
02DC,3223
02E1,01E7
0308,A814
0309,1B41
0315,1ED1
0316,EEA7
0317,76E3
031B,4809
031C,8858
0320,7454
0323,1C84
032E,90C4
033A,33C6
033B,3C97
0347,90C6
0352,78C8
0353,5859
0355,5CE8
035A,0DEC
035B,4905
035D,EE01
0366,90DE
0371,5AE9
0381,DCF1
03A6,292F
03B6,B518
03B9,9417
03BE,ED04
03CC,1654
03CF,BDC1
03D5,ADF1
03D9,11D9
03DE,AD97
03E3,C836
03E5,A515
03E9,7540
03F9,0D54
0404,0352
0405,0F4A
0408,0777
0410,9A3E
0417,EFA2
0421,6B7C
0423,5E71
042A,644E
0434,DAA1
0435,99A7
0439,99A2
0440,709D
0442,A3D0
0443,719A
0445,716D
045F,76AD
0462,7833
0464,7390
046B,7063
046C,A083
046E,7191
0476,A6EE
0477,A577
0478,A65C
0481,3DD9
0482,3D9F
0487,7C6C
048A,3D2A
048B,AC2D
048E,3ED0
048F,AC8D
0492,7AA3
04A5,3ED8
04AB,7C9D
04BD,A081
04BE,73F7
04D9,DAAF
04EA,00EC
04EC,5E4D
04F4,A250
04F7,A95C
04FD,AA7C
04FE,A8E4
0508,FB09
0515,B288
0518,2B35
051C,89E3
051E,B23C
0526,2524
052B,E025
0535,316C
0539,1CDE
053A,3C6C
0548,D39D
054A,9FDD
0554,3BB5
0555,58A6
0559,7AC8
055C,5255
0563,97BB
0566,BD2D
056D,298D
056F,9C2D
0579,5A5F
057B,5253
057E,517E
058B,D013
05A0,D06D
05A6,28BE
05B3,55AB
05C5,30CC
05C6,9FD7
05C7,127E
05D1,11DD
05D2,99C0
05D4,33F4
05E7,8245
05EB,C810
05F6,5FE2
0606,8EB0
0607,F0F9
0608,03ED
0609,21B5
060A,F7C3
0614,A386
0618,EC0B
0619,F345
0620,2C25
0622,BA9E
0625,2146
0631,32D8
0635,F016
0637,2335
0652,B2FE
0659,2018
065D,2165
0668,A3B9
066A,F753
066C,6827
0670,CE8A
0672,C2E2
0674,A9E6
067A,F3D9
0685,F059
068A,F359
0693,921C
069D,279A
06A3,6887
06B6,8D33
06B8,A859
06C3,D8E4
06C8,D6EB
06CF,7F98
06D5,FC3F
06D8,D85D
06E6,FF98
06EC,0873
06FB,A805
0712,9719
0715,143B
0723,FD84
0735,7D2E
0738,CCA5
0742,BF7B
0743,B0E7
0744,611B
0747,DF69
074A,D36A
0757,0E5B
0763,6FAC
0767,9FB5
076A,918F
076E,9FC6
076F,4FB7
0772,5E88
0774,079F
0778,5D65
077B,0CB9
077C,07D6
0783,9D5E
078B,DE31
0796,EEA2
079C,BBFE
07B2,4E62
07B7,5CA5
07D6,31F6
07DC,C10B
07E2,C479
07E3,F65F
07F4,0FBE
07FA,0EA2
07FB,5D87
080B,F4A8
0813,BADF
0817,2902
081A,9ACE
081B,48AA
0821,9980
0823,9285
0824,93FB
0828,16EB
082D,43BD
0832,99D3
0836,C304
0841,97F4
084E,9E41
0851,59E8
0856,E092
086A,DE12
086B,2221
086F,912D
0876,0F92
0878,0B49
0881,D13F
089D,E769
089E,4E69
08A5,633D
08A6,4121
08A8,D3FB
08B6,BE18
08B8,0B59
08BB,E4AF
08C4,28BD
08C6,9E12
08CA,8CF3
08D1,17F4
08D7,83AD
08E1,CA15
08E3,C815
08E4,8644
08EC,CA13
08EE,F6E5
08FF,0B5F
090E,0F5C
0912,B2C7
091E,1EC9
0921,39B3
0927,EC3E
092C,E233
093D,D25E
0941,7166
0951,C901
0953,C201
0964,A27F
0965,A7DB
0968,A3D6
096A,3D65
096C,6894
098D,A383
09AE,1D98
09B5,A5AB
09CE,1B39
09D0,DAAB
09D2,1993
09DF,95A1
09E1,08A5
09F0,3B06
09F1,A2E5
0A00,CB77
0A10,B4C9
0A13,8511
0A16,4D6A
0A19,D776
0A1A,D686
0A1C,2BEA
0A1D,6D46
0A1F,E40A
0A2F,22B7
0A3B,17C1
0A41,DF15
0A45,B13B
0A49,B17B
0A4B,D330
0A55,5DB9
0A68,D315
0A76,0728
0A7C,554D
0A98,8253
0AA1,D1F7
0AAF,268D
0AB1,525A
0AB2,4800
0AB5,0F87
0AB6,4E6E
0AB8,5948
0AB9,E062
0ABA,0F27
0AC4,9315
0ACB,903F
0AD3,99C5
0ADB,92F0
0ADE,8304
0AE7,F549
0AF1,58E8
0AF8,5A7A
0AFD,5DBE
0B04,FFC9
0B0E,0F79
0B13,2CC5
0B18,27E0
0B1C,8DF0
0B20,64E2
0B26,751E
0B28,2C40
0B2D,7792
0B2F,27C3
0B34,FC03
0B40,709B
0B45,7064
0B46,AFB7
0B55,A652
0B61,F15F
0B69,791D
0B6A,AF21
0B6B,210A
0B71,F790
0B7A,A5A2
0B85,7C92
0B8B,F7E8
0B8E,A7D2
0B93,21F6
0B97,9219
0B9B,233A
0B9D,70F7
0BAE,753E
0BAF,F7BF
0BB0,AA5B
0BB2,2196
0BB5,AAE4
0BCE,706B
0BE5,5E52
0BE6,5EEC
0BE8,CE68
0BEF,F7FF
0BF0,AAEB
0BF5,A951
0BFA,A9A1
0BFE,A87C
0C00,3B17
0C0A,A53F
0C0D,3B3E
0C29,BEC4
0C35,1FC4
0C37,7DF1
0C45,9FF6
0C4D,D1C6
0C55,5C49
0C56,EDAD
0C57,0E7D
0C5E,4CA6
0C66,2289
0C6A,DFFA
0C6C,D7CE
0C78,505E
0C7E,57AF
0C7F,5FEE
0C82,DF9C
0C9D,6675
0CAA,D0FC
0CAD,BEF2
0CAF,848D
0CB4,78FA
0CB8,5A79
0CB9,4700
0CBC,5AEA
0CBD,D442
0CC2,258E
0CC3,164E
0CC5,1878
0CC7,108F
0CD7,33F5
0CD9,3098
0CE3,A83C
0CE6,341B
0CE9,767F
0CEC,AA17
0CED,341D
0CEE,A6A9
0CF2,58AF
0D06,00E2
0D0C,0377
0D0E,5E01
0D1E,3DBF
0D21,D252
0D23,D654
0D2B,A875
0D3C,96AE
0D6B,1418
0D79,A851
0D7A,AAED
0D7F,A2A0
0D80,1D68
0D9D,75A7
0D9E,1BAA
0DA2,7360
0DA7,AF2C
0DA9,719B
0DAE,7761
0DB7,A87D
0DBF,1EC8
0DC5,D952
0DC7,E139
0DC8,64EB
0DE3,0357
0DE4,5DE4
0DEE,5EE1
0DF4,A60B
0E0D,A616
0E11,DAB2
0E13,DA82
0E18,8B0A
0E19,B61A
0E24,B75A
0E25,30FA
0E28,CC80
0E2E,9027
0E41,BC5A
0E46,6E6E
0E48,6C08
0E52,BD3E
0E5B,E09E
0E70,57E6
0E7F,0FDE
0E8B,611C
0E8D,DFC8
0E8E,D0C2
0E8F,611D
0E92,9F3C
0EA4,B710
0EAB,418C
0EAE,90C2
0EB1,5DD6
0EB6,9B1C
0EBA,5CE6
0EBB,4D99
0EBE,4CA8
0EC2,B3ED
0EC6,90DC
0ED6,7DDE
0ED8,CC0F
0EDD,3FF2
0EE9,1B42
0EFE,57EA
0F0C,C808
0F10,70D2
0F13,863B
0F23,164D
0F27,1A7C
0F32,13C1
0F38,316D
0F3A,AE67
0F41,D1A3
0F45,9C2E
0F51,5504
0F53,55E4
0F56,400C
0F5A,5FA2
0F5B,A6BB
0F62,E3D0
0F63,D3A3
0F68,D3AA
0F6B,933F
0F86,6DF7
0F89,DFCB
0F92,480F
0F9B,79C3
0FA6,84B7
0FB6,490A
0FC1,D2CA
0FC4,935A
0FCE,9727
0FD6,3CC4
0FD7,3197
0FD9,3C6E
0FDE,11F2
0FE1,C6AC
1009,A21C
100E,3B10
1010,1410
1017,7A5C
101D,430B
101E,9438
1023,6347
1030,94E8
1031,60AB
1032,B0A1
1035,68AD
1038,BC0F
1040,D90C
1045,640C
104A,9957
104E,DA1E
1052,9318
1057,51EB
1059,BA1C
105C,0FD6
1061,C708
1063,2E74
1064,8783
1069,991F
1070,0E55
1077,51E4
1078,5E25
1079,5051
108F,C11D
1090,1E83
109D,47A4
109E,EEA5
109F,BD1A
10AC,C107
10AE,9A12
10B5,5C01
10BD,EE03
10C6,9AEC
10CF,87E8
10E2,F256
10E3,FA06
10F9,5347
1100,7A75
110D,AA38
1110,7C2B
1119,B51D
111A,7CB7
111B,BA3A
111F,4FAF
1120,B571
1125,4C4D
112A,663D
112D,B45C
1137,B55D
113F,6936
1142,18B0
1148,12D8
114A,D6AE
114B,38FF
115C,5056
115D,664B
1161,1880
116B,18FF
1170,0D05
1171,5FAF
1172,5378
117B,5F49
117E,57A1
1186,6437
1189,D91B
118C,955D
118D,6434
118E,B47B
1193,8914
1199,430F
119F,4AA2
11A8,9244
11B0,5FEF
11B9,4000
11BA,5FA0
11C2,EAEF
11C4,182A
11E0,340A
11F0,5055
11F2,5902
11F7,530F
11FB,5977
1203,C83C
120B,CA3E
1212,6A76
1216,4E68
1223,4078
1225,0DB2
1227,4CC3
1230,DD5E
1232,B8EA
1233,B236
1241,39C5
124C,32C0
1251,51E9
1259,BD13
1266,8F8D
126D,8F1B
126E,815C
1271,51EA
1273,514A
127F,5058
128E,8740
12A2,925C
12A7,FE14
12B0,0389
12B3,5277
12BF,4A0E
12C2,E873
12C9,8F8C
12D0,B0AD
12D2,A26E
12D8,79F1
12EC,AA39
12EE,CB00
12F4,5252
1306,5D56
1310,EC06
1313,16F7
131B,8809
132C,41E3
133B,5008
1342,EC74
1343,5E3B
1347,0039
1349,E146
134D,0FAE
134F,E071
1351,CA59
1352,B8C8
1359,7CF3
135D,1B01
1365,5D31
1367,0019
136D,E05E
1373,C8E9
1376,A6A0
1379,A6E0
1382,E142
1383,0314
1392,6886
1393,9A13
1394,78A7
1398,9838
13A3,0131
13AD,E1EA
13AE,B454
13AF,E35E
13B4,7A01
13C0,B5E1
13CA,EDE3
13D0,0E15
13D1,5C1C
13DC,531A
13E2,025B
13EF,02A1
13F3,AA57
13F7,A57A
13F8,A857
13F9,3454
13FA,347C
13FE,340B
1400,AA3D
1406,A91B
140D,A91D
1410,1ED0
1411,7C8D
142C,EEE5
143D,B632
1443,9214
144B,D532
144F,D53E
1451,0DE9
1454,EDA6
145E,EE00
1464,985E
146F,E74E
1474,0EAF
147A,0EE8
147D,5C4E
1482,D9AC
1484,997B
1489,DAAE
148B,641B
1492,40A3
1494,694F
1498,7253
149D,624B
14A2,995C
14AD,BB32
14B0,507D
14B5,514D
14C4,9514
14C5,407C
14C7,B871
14C9,E178
14CA,6A1C
14CD,9935
14CF,E34C
14D0,BA1B
14D7,6A34
14E0,A512
14F8,507A
14FE,53E4
14FF,5FE3
1500,00A5
1505,03A5
1507,08EB
1509,027C
150A,00EF
150B,095D
1521,78BE
152B,EA5A
1536,5330
153A,50AA
153B,5812
1543,070D
1546,4E71
154B,0311
1553,C20F
1557,C2E6
1562,1983
156E,EF11
1571,CAA5
1579,CA5F
1584,0337
1588,E34B
1589,EC42
158B,0910
158F,0930
1590,DA70
1592,B2F8
1597,E807
159F,94F9
15BB,24A9
15C9,92E1
15CC,4212
15EB,085E
15FC,C855
15FE,A25E
1600,CB5A
1604,A90A
1608,A836
1609,F2E5
1612,A982
161F,4AA7
1623,7984
1625,6FEB
162E,8715
1637,B007
163E,9DA4
1645,FD31
164E,2E41
1651,59EC
1658,5379
165D,E165
166E,2ED1
166F,925D
167C,5A7E
167E,0C25
1681,32FF
1682,3A63
1684,D607
1688,981B
168C,12C0
168F,1A80
1692,A2B1
1696,DC70
1699,D076
169A,8400
16A5,C33D
16AA,C03D
16B1,504A
16B2,79C7
16B5,0CD8
16B9,9139
16BE,E76F
16C4,E34D
16D0,6CE8
16D8,6816
16DC,72F1
16E5,FAE9
16FF,535F
170B,CEFC
170E,5E43
171C,8ECF
171E,7605
1729,B4E1
172C,4C63
173F,0EDC
1749,03A8
174A,01A8
175D,3DBB
175E,14AB
1769,E159
176B,8F4D
176C,C16D
1772,CE88
1773,FC2F
1786,5D14
1797,9533
17AB,2D77
17B5,3452
17B6,1B0C
17B7,A6A5
17BA,34A2
17C6,E158
17C9,EFEA
17D0,404B
17DA,5FAC
17DE,511D
17DF,5FD7
17E0,5D05
17E9,5D79
17EA,0CAF
17EB,FCFA
17F3,CE22
17F4,FFBE
17FE,A643
1809,8EB1
180B,09A1
1810,2CD9
1812,6980
1815,8EE1
181C,E202
1823,7AD1
1824,987D
1826,80FB
182E,8C48
1840,C7C5
1849,8FBB
184B,0307
1854,B6FD
185B,8A0F
185C,C973
1861,0737
1864,ECE7
187D,CD94
1881,0815
188A,C0FB
1890,2CE5
1891,EAA1
1897,8D27
1898,74F7
1899,FF41
18A1,023F
18A6,812C
18AA,C0CB
18AB,E8E8
18AC,0213
18AE,2D54
18B1,C547
18B3,C55D
18BF,9BC8
18CD,2EC4
18CE,87C5
18D6,57D0
18DD,5790
18E9,20B2
18EE,2CB5
18F0,CED9
18F4,C60B
1902,C81E
1903,AA09
191E,9B19
1921,A2FE
1927,4FE0
192C,49E2
1931,A96C
1932,79DE
1943,D5AD
1947,92EC
1948,D8AD
1964,E17C
1967,D8A7
1981,3268
1996,9439
199B,4006
19A2,18D3
19A8,D80D
19AD,E37E
19B1,51E6
19B3,50A6
19B4,41A8
19B9,6270
19C0,DB3A
19C2,1A2A
19D3,6AA9
19D4,6835
19DD,DB1F
19E2,8A42
19E7,784F
19EB,C812
19EE,3418
19F0,0E06
19F1,51E5
19F5,570B
1A25,ED6E
1A27,4C90
1A35,57B8
1A40,C0FD
1A46,C0C1
1A49,C39C
1A5E,8D96
1A6C,0210
1A6E,83E4
1A71,F4EA
1A77,F7B9
1A78,C65C
1A7A,CDDA
1A7C,C54D
1A82,E344
1A83,0137
1A84,03AC
1A8B,071C
1A93,E60E
1A9B,6285
1AA1,013B
1AA6,2EF2
1AA7,FDFC
1AA8,0734
1AAC,071D
1AB2,8800
1ABD,CD42
1ABE,2F1E
1AC0,4364
1AC5,409C
1AE7,F7F9
1AED,FCC9
1AF0,CE87
1AF5,F0BC
1AFE,FF22
1B01,F2AF
1B04,F979
1B08,F8E6
1B0C,F905
1B24,87DF
1B26,4E52
1B29,BB57
1B2E,E0E1
1B35,B65E
1B37,B6EC
1B48,805D
1B4A,D80A
1B64,811B
1B65,D2A8
1B72,5DB3
1B7B,0C8A
1B7C,0725
1B7E,5C02
1B80,D9A7
1B8B,FE31
1B94,9319
1BA2,8730
1BA9,9A32
1BB9,4FAB
1BBA,5004
1BC0,437C
1BC3,5FBB
1BCB,8F5C
1BD0,BA5D
1BD6,693B
1BD9,6AAC
1BEF,F5E8
1BF8,03D6
1BFC,0F65
1BFD,5F4D
1BFE,537C
1C03,0247
1C18,9A33
1C1B,A184
1C1C,EFA0
1C20,9BE0
1C2A,B54E
1C2F,EF34
1C32,ED7F
1C38,5C11
1C42,010E
1C4E,E045
1C50,3BE7
1C59,77FA
1C6B,964E
1C6E,9AE5
1C75,A64A
1C77,3B4D
1C78,AA5E
1C7E,A5AF
1C84,00AC
1C92,89A8
1CA2,9AE4
1CA3,0F3D
1CA5,0F17
1CAE,E0EE
1CB4,B8FA
1CCA,B97D
1CD7,5F11
1CE5,5D4A
1CE9,5D5F
1D03,A53B
1D08,3B36
1D13,70DF
1D17,785C
1D19,6A44
1D20,4C54
1D24,9A3B
1D28,4CEB
1D3B,69AA
1D3F,62A3
1D46,DA0E
1D47,9A16
1D48,DA1B
1D4A,B412
1D4E,BB41
1D5C,5F73
1D5F,43A0
1D60,DA17
1D6E,4EE1
1D78,0E49
1D7B,5FA5
1D80,9931
1D83,D231
1D84,6407
1D94,EE09
1D9B,470D
1D9F,6544
1DA9,9959
1DAB,E7E1
1DAC,D512
1DAE,BBEC
1DB0,0DE8
1DB2,B91A
1DC3,9B45
1DC8,B64B
1DC9,9A36
1DCF,B411
1DD8,DB16
1DDE,66A7
1DE9,727B
1DEA,AA3B
1DEE,7541
1DFC,537A
1DFE,5CA4
1E05,0706
1E06,0C56
1E0A,5DE5
1E0F,2C86
1E18,8EF5
1E1E,77C9
1E20,ED10
1E23,6171
1E27,405C
1E2A,B27D
1E2D,E0E9
1E2F,80DD
1E32,5F2B
1E38,5725
1E3B,512C
1E3E,0E13
1E42,C3F7
1E45,5EA7
1E4B,CCF0
1E64,87C0
1E6E,E012
1E77,A5EF
1E7C,F0D1
1E87,EF45
1E8B,C3F4
1E95,6476
1E9C,2FC2
1E9D,1B0B
1E9E,7506
1EAA,03A9
1EAB,81C1
1EAE,997E
1EB6,1ECC
1EBC,FFD1
1EC0,9B73
1EC2,835B
1EC5,9B43
1ECA,4CEE
1ECB,2E27
1ECC,4367
1EDE,0E10
1EE4,CDC8
1EE9,07E0
1EEF,F0F2
1EF6,3B51
1EFE,A5EA
1F08,0554
1F17,EF03
1F23,4F36
1F33,4F7F
1F38,510A
1F3C,4046
1F45,E772
1F4A,07AE
1F52,DB8F
1F62,E8E3
1F68,E24F
1F6F,E83F
1F70,A801
1F76,A957
1F79,A24E
1F7F,C6ED
1F80,0F07
1F8D,5D3D
1F8F,0C3B
1F93,E6A7
1F96,89AF
1F98,E20E
1FA3,E744
1FB2,8A00
1FBA,CA05
1FBD,69B6
1FC4,12DF
1FCF,E853
1FDB,5A3C
1FE7,0355
1FF1,CAA0
1FFF,C95A
2004,02C1
200D,5BA0
2016,8A0D
2020,E61A
2021,FF33
2025,32D6
2028,E8B7
202B,20CA
2030,7468
203E,1695
2040,66D8
2050,C648
2054,3344
205B,2093
2061,3104
2063,37EB
2064,0281
2068,33EB
206D,8513
206F,1CAB
2077,C97C
2080,B668
2081,F10F
2090,15F8
2092,2F38
2093,117D
20A1,F355
20A7,692C
20B3,059B
20C4,E8FD
20C6,9B9E
20CB,E5FD
20CD,FB74
20DA,1693
20DD,A490
20E4,02CC
20F8,086B
2101,09F5
2104,E98F
2106,05F2
2107,05C2
2110,1F5B
2111,7E4E
2112,AD41
2116,E967
2117,EAD7
2119,AE7B
211C,E92E
211E,449C
2120,1071
2128,1F42
212B,100C
213B,7D32
213C,7D31
2143,1F09
2149,33E2
2153,0987
2155,09BD
215B,AD42
216B,11A9
216C,3178
216E,13A2
2177,5BBD
217B,54BE
217D,5B8C
2184,30E2
2187,7EAD
218B,AEEE
2193,E8CF
2196,E86C
2199,E59E
21AC,AE57
21AE,E9CD
21AF,5BB2
21B3,09B9
21B4,103A
21BB,337F
21BE,111E
21CC,107F
21D8,1316
21DB,131F
21DC,3335
21E5,09F7
21EC,5BC7
21ED,54CD
21EE,099D
21F5,08BC
21F9,0262
21FB,0888
21FC,0228
2204,0979
220D,F3F3
220E,2080
2210,115B
2216,E267
2220,1371
2221,368A
2222,9B94
2223,0675
2226,02B4
224B,69D7
2251,F4A2
2261,6921
2267,F373
2268,6A6B
2276,052C
227F,F457
2285,110D
228D,3C5D
2290,2F23
229B,BAF7
22A4,2B3E
22AA,3147
22AB,9B6C
22C1,32B9
22C5,21B3
22CA,F133
22CD,2008
22D5,2F15
22E0,06C1
22E2,5B43
22E8,5B0F
22EA,02F4
22F8,CAEB
22FA,F0D8
22FD,F1B3
22FF,C9ED
2317,25A1
232D,8825
2331,A0AB
2336,A1E3
2338,1D0F
233B,A3E7
233C,710B
233D,A153
2348,DD68
2350,F9DF
2353,C46F
2358,CB26
2364,2B83
2368,9E85
236E,2488
2370,FA25
2371,F595
2373,CB95
237A,076B
237B,C423
237C,CBDF
237E,F983
237F,C4D3
2381,609D
2383,639D
2389,6063
2392,BDF8
2398,AD8F
239A,1200
23A1,B0BB
23AA,B085
23B4,8498
23B9,D344
23BB,8499
23C8,3D73
23DA,1D06
23E2,35E0
23E4,A478
23FA,FADF
23FF,F52F
2400,E584
2401,0298
2411,7E4C
2415,44FB
2416,4491
2418,7EE2
241C,E9F2
2424,EAFC
2425,44BD
2426,44CC
2428,7D42
2429,7E0B
242F,4BCE
2430,3F0D
2432,1F32
2436,AD3B
2440,1C01
2446,374C
244A,3CA2
2450,096B
2461,315F
2462,E2C9
2469,E5FE
246E,130E
2471,5B92
247A,5491
247B,5487
2480,3F0B
2488,3FA4
248B,AEEC
2496,E592
2498,EACF
24AB,7E0C
24B4,307F
24B5,0622
24B8,0826
24B9,E562
24C1,3139
24C7,1C42
24CF,E2C8
24D7,31A7
24E0,0967
24E5,4481
24EC,4B84
24F1,029F
24F6,0627
24FA,0592
24FD,0687
2503,35E9
2507,F84D
2515,96F7
2518,1606
251B,8B9A
2521,A3E4
2525,AF55
252A,A150
2530,1EA9
2538,1D08
2541,BCC2
2542,6F67
2546,DD99
2559,931C
255D,EC64
255E,91CA
2562,BFD7
2568,DECA
2571,F52A
257F,C490
2581,60CB
2583,63CB
2586,B380
258E,6C67
2594,8B69
2595,10C3
259A,1900
259E,2A9A
25A0,DEF6
25A3,63FD
25AF,8221
25B2,9CCA
25BB,849F
25BD,2A90
25CA,EBC8
25CB,8587
25CC,49FD
25D1,7CAE
25D9,7FA5
25DF,1D00
25E2,ABE0
25E5,F8ED
25E7,F67C
25F2,F625
25F4,F666
25F7,03BD
25FB,CB65
25FE,F295
2601,5BEF
2602,0978
2606,E28B
2609,23BF
260B,5BE3
2617,2FD3
261B,880B
262A,2F70
2635,FF3F
2646,31AB
264C,B89B
264F,DB62
2658,C6EF
265B,82AC
265D,236F
2663,DB24
2667,F05A
2671,CA0B
267B,C8E7
2682,699B
2684,6523
2687,21A3
268D,F3EF
26A0,33ED
26A1,6ADB
26B3,F401
26B5,052D
26B9,211A
26BD,E291
26C2,B86B
26CB,2B17
26CC,0A45
26CE,08BB
26DD,3307
26E0,08FD
26EB,0958
26FA,068C
26FB,C6E3
26FC,C8EB
2700,C517
2701,F5A2
2704,F84E
2709,FB03
270E,2B70
2717,85EA
2729,9715
2739,B423
273C,70A6
273F,AFE9
2744,6332
274F,603C
2752,D071
2754,4D9B
2759,75FA
275E,46A6
2768,60A7
276E,9F58
2770,045C
2774,5E91
277A,56EA
2785,BD15
2786,D733
278C,B029
278E,BE40
2792,E361
2793,26A7
279C,95FE
27B4,D142
27B8,0CD1
27C7,9A8F
27D4,810E
27D5,99F6
27D8,8F01
27DA,D9F6
27E4,C4AB
27EB,C447
27EF,C4E7
27F4,01BE
27F7,555E
2806,F95B
2811,9BB3
2813,9B83
2818,8535
281B,EBA5
281E,D07B
2823,DAFA
2825,CF54
283F,DACF
2848,6D08
284B,6E33
284F,D703
2858,5556
285A,0CDC
285B,EBA3
286C,D009
2870,00BD
287C,0BEF
287D,0C94
2880,B3C6
2885,6131
288B,DF18
28A0,63F6
28A2,9159
28A9,B3EE
28AF,EF89
28B7,01BC
28BF,1BCC
28CB,E725
28D1,B42A
28D3,D668
28D8,6468
28D9,8FA4
28E0,FA4D
28E5,F857
28F6,0021
28F9,0C24
2904,5B6C
2905,5BFB
2913,11E5
2915,17E1
291E,307B
2921,1045
2924,10A7
292B,0AB6
292C,EA2F
2935,3131
2937,1C12
293D,3CA7
2944,AEE1
294F,3002
2950,0A8D
2952,1018
295A,06DC
2969,1701
296A,AD5C
2981,3359
2984,AE01
298C,130A
298D,37E1
298F,3F5F
2994,EA97
2995,1F51
299D,4B6D
29A0,30ED
29B8,09DC
29C0,7D4B
29C3,1F72
29C6,7DAC
29CF,7EAE
29E2,E986
29EB,026A
29F4,5494
2A0D,F54E
2A15,8BAC
2A16,EF67
2A1D,DF4B
2A20,A35F
2A27,48FA
2A29,B0F6
2A36,A058
2A37,70A9
2A40,BF31
2A44,DF16
2A4E,63AE
2A50,5ED7
2A59,9037
2A69,43D2
2A6D,B032
2A87,B0C6
2A8F,D738
2A91,B5BC
2A99,E79E
2A9E,DC41
2ABA,0127
2AC3,2249
2AC7,C1E2
2ACB,9158
2AD1,D86A
2AD8,9829
2ADD,8F0E
2ADF,D2F6
2AE2,C619
2AE3,2471
2AE5,F947
2AED,C47D
2AF0,0787
2AF5,03BC
2B06,0259
2B08,2385
2B0A,09EA
2B21,3C3D
2B22,170B
2B35,749A
2B38,310D
2B3C,175D
2B3D,1663
2B3F,3C3B
2B43,21A0
2B53,05D4
2B59,B6C3
2B5A,C65A
2B79,C650
2B7F,06DD
2B8C,17AB
2B8E,65D0
2B90,EA05
2B93,21C5
2B9F,2390
2BA2,11AD
2BA6,FB42
2BB1,F190
2BB4,FF40
2BB5,C24D
2BCB,23A0
2BCD,B267
2BD2,F103
2BD4,2F30
2BD5,1969
2BD8,21E8
2BDE,1A65
2BE6,05E3
2BEF,06F4
2BF5,C247
2BF6,CA5C
2C04,AB43
2C13,1609
2C22,B727
2C2D,BC2C
2C2E,24D5
2C2F,8522
2C31,ACA2
2C38,3DA5
2C3B,7CA7
2C42,BF8B
2C4B,6FF4
2C58,C466
2C59,DFB0
2C5B,DCB6
2C5E,2860
2C60,609A
2C6C,B1B4
2C6F,89B7
2C72,CB88
2C75,F820
2C76,F22A
2C79,F9B3
2C82,DEF0
2C8E,BC8B
2CA1,B782
2CA6,86B7
2CB4,6DB0
2CCA,AF7A
2CCC,A051
2CDB,7F0D
2CE1,36AF
2CE3,365F
2CEA,38A0
2CF7,0164
2CF8,F525
2D01,EAB1
2D0A,E9B4
2D11,1F79
2D12,1F39
2D1B,EA66
2D20,EAB7
2D37,1157
2D3B,3035
2D3F,301F
2D42,3F58
2D4B,304E
2D55,0261
2D60,30EB
2D6A,3F04
2D6B,0AB2
2D77,08D1
2D78,0A24
2D86,334E
2D87,11A4
2D8D,337E
2D92,1019
2D9A,4B2C
2DA2,11A6
2DA6,08B2
2DA7,3301
2DAD,0882
2DB4,EA9E
2DC7,E28E
2DCA,4B21
2DDA,1FED
2DDB,3F32
2DDC,1059
2DDE,3034
2DE8,EA84
2DF5,5B6B
2DFA,09D4
2E01,F9E4
2E10,24ED
2E13,D882
2E1A,9B20
2E1B,E394
2E23,C17E
2E28,58B5
2E29,911F
2E2C,8FFE
2E2E,BE15
2E3F,C1EE
2E43,6099
2E45,DC3F
2E46,6E03
2E4A,9C10
2E4F,6F99
2E51,0C61
2E54,D044
2E5C,0124
2E5F,E36E
2E66,BEE3
2E6D,4E20
2E6E,E7DF
2E70,5549
2E75,0B5A
2E7F,01DE
2E85,D016
2E86,9F7F
2E9F,9F3D
2EA2,B0EE
2EA5,D039
2EAB,438E
2EAF,43BE
2EB9,76C7
2EBD,46AF
2EC4,88D6
2ECA,84E0
2ECB,8AD6
2ECC,C182
2ECF,B1DA
2ED0,64FF
2ED2,81AE
2ED7,9AC6
2EDD,6493
2EE8,FAEB
2EEC,F8E1
2EF3,5E6B
2EF7,0B7A
2EFA,047C
2F08,357A
2F1A,33B0
2F2B,9EFF
2F33,1DAA
2F49,B3B0
2F4F,6FCD
2F61,61F7
2F69,88D0
2F6A,63F8
2F71,C4DA
2F72,CBD5
2F81,DDC5
2F82,DE93
2F85,9DF6
2F87,B7CB
2F88,6CC2
2F89,DD98
2F8A,DDF6
2F8C,BCF1
2F8E,9D86
2F9F,8B68
2FA1,DEF8
2FAF,85BE
2FB4,BDC3
2FB7,07D7
2FC4,B0FB
2FCD,B3FF
2FCF,82B7
2FD4,7304
2FD6,AFE3
2FD9,A100
2FE3,A44A
2FEA,3AE8
2FED,3843
2FEF,3659
300F,120B
3010,C638
3017,CA37
301B,2AA3
302A,AAFD
302D,49E4
3032,41C7
3036,AACD
3039,4A47
303D,A8CD
3040,369A
304A,74D3
3053,2AA5
3065,EB77
306E,1685
3072,EF95
307B,901A
307C,03D0
307F,931A
30A1,40C7
30B2,EF93
30B5,2B14
30C3,60D6
30C4,C28F
30C6,75D3
30CF,BF96
30D8,6188
30DD,34FC
30E2,29A5
30E9,8A34
30F3,F22D
30F4,93FD
30F5,55A0
30FF,226B
3102,318F
3106,33B1
310C,3AAF
310D,12A7
3112,1FCE
3118,A45E
3136,DDB9
3148,73E7
3149,AF13
314D,428A
3150,74AC
3151,1A0C
316D,49B3
3176,DFB4
3193,3949
319A,3257
319C,38EA
31A0,C681
31A2,E420
31A3,9E68
31A6,A71C
31AD,458C
31B5,3184
31C2,82CD
31CD,B063
31CE,B390
31DA,60B3
31E5,AB7C
3201,C93B
320F,B921
3216,16AD
3217,357D
321F,2B31
3230,6126
3235,6F29
3238,1BB2
323E,60BA
3244,E856
3248,1ACF
3253,9422
3254,1BFE
325A,1207
325D,259C
3261,4951
3272,E401
3274,75F8
3286,A139
3290,F248
3291,CA07
3293,8A44
3294,B88C
329B,B9BD
32A0,C98F
32A3,1B2E
32A4,16B0
32AB,E67A
32B2,79CD
32B4,48AC
32BC,82E7
32BF,A9B4
32CD,B00E
32D3,A9F4
32D4,4A5B
32DF,7AB4
32EA,355C
32F5,03B3
32F6,D04F
32FB,4A04
32FF,79CC
3300,09C0
3305,09F0
3307,F3F7
3308,5BF5
330E,1055
3311,0668
3314,7E4A
3318,4B86
3321,CA9B
3330,FBBA
3332,826B
333B,B3FD
3357,21EB
3364,1E73
336B,1E43
3376,273D
3377,FC2B
337B,7E1A
337D,233D
3383,52C1
3386,7055
3387,4AB0
338A,58F0
3390,0968
339E,EAC0
33A0,9EC9
33AF,717D
33BD,3040
33BF,E59F
33C1,F425
33E0,09C3
33E1,54F0
33E2,442A
33F1,0626
33F8,5428
3403,3249
3408,3A78
340E,1601
3411,A4A2
3416,7407
3419,3081
341F,7B0C
3421,6722
342C,6794
3436,67D4
3438,67D2
343F,6C22
3445,7F15
3450,1904
3451,7BA2
3452,296E
3455,7EF7
345D,846D
3463,BF91
3472,8461
3477,F98D
347B,8492
347E,9FF7
3486,7744
3487,1E1F
3489,452B
3496,150C
3499,1502
349C,3906
34A3,B792
34A4,7C42
34A7,B76B
34B7,1801
34C5,6090
34D3,6FD7
34D5,60D8
34D9,6125
34DF,60D4
34E8,A402
34EB,74A2
34ED,7B04
34F0,F8BE
3500,029A
3505,0993
3508,0669
3515,F3CB
3518,5BC9
351D,2CD7
351F,4B23
3520,FB89
3523,C82D
3537,C2D0
353E,2B99
3545,0498
3556,211C
355C,1C73
3567,61BF
3571,5B90
3576,F74B
3578,06D5
357E,E968
358C,428B
3593,05C6
3595,02FF
359C,54F8
35A4,4627
35B2,E695
35B4,1C3A
35B9,2C6B
35C0,FB29
35C9,BFCA
35D4,DE85
35D7,C925
35E4,4BC6
35E7,2381
35EC,44B0
35F2,4468
35F7,FCD4
3607,F255
3613,C8AD
3615,F9E8
3616,2AA0
3621,7ABB
3627,605E
3633,A2CC
363E,C886
3646,4ABA
364A,7358
364B,16BF
364F,4455
3652,4AA1
3656,9013
3658,B6DF
3664,A4C3
3667,B3A7
3669,8F24
366F,E6E0
3674,460F
367B,78FD
3684,44EF
3687,81EE
368B,1A86
3690,385D
3693,F40C
3697,F948
36A3,48EB
36A4,4473
36AB,3AFA
36BB,A5B0
36CD,82C8
36CE,89FA
36D3,A5F3
36D5,612F
36D9,51B1
36DE,6389
36E6,D885
36E7,F9E0
36F0,F664
36F1,0BE2
36F5,F291
36FF,46A5
3701,FCC4
3707,0902
371C,8E8B
3723,CAD5
3727,043C
3728,C266
372E,45E3
3731,C9D9
3732,8A96
3733,C9B9
3741,C0F1
3743,C0FC
374D,E936
3750,E6A8
3752,209C
3753,8EE4
375C,8E5B
375F,CD44
3768,BF3C
376F,804C
3775,F47D
3776,66B5
377C,FF8D
3786,7BB8
3787,4B70
378C,52C9
3791,FC9E
3796,4B0E
3798,2CB1
37A5,768A
37A8,8265
37AC,B0C9
37AD,E630
37B0,A4B1
37B3,2C52
37B9,9BF3
37BA,EA0C
37C5,523D
37CD,7A8C
37CF,406C
37D5,5A1C
37DB,4F92
37E7,5BE5
37EC,F0CC
37F1,F7DC
37FF,271E
3804,7BF9
3810,F0CD
381D,27DC
382E,BFF9
3831,5811
3836,6074
3848,5B10
384F,445A
3853,EAA4
385C,19C7
386C,782B
3874,85A6
387F,B5C7
388D,8377
3891,54E6
3895,CECB
38B0,20FB
38B4,668F
38BA,8E47
38BB,6686
38BC,19FC
38BD,2F1C
38BF,2BA1
38C0,C829
38C2,78B7
38CB,4530
38CF,14D2
38D0,C966
38D2,485D
38D5,C865
38DA,C82F
38E3,095E
38F2,240F
38F8,C658
38FE,F04B
3900,A40B
390A,3A51
390C,32E6
3917,367E
3918,394C
391E,7DFD
391F,19AF
3922,B19B
3925,638A
3928,DE2A
392A,608A
3933,6FD4
3938,6761
3939,C980
393D,61B8
394C,7FED
394D,A71D
394F,468E
3950,308B
3963,C584
3967,B39A
3968,FB85
396E,7C4B
3972,286A
397A,F892
397D,D384
3989,4983
3992,11F9
3997,324C
39AA,CA85
39AE,46DB
39C7,632A
39CA,6C2C
39CD,24C8
39CF,9E60
39D7,606F
39DB,6CBC
39E8,A454
39EF,33B6
39F7,F5D1
39FA,F92B
39FD,6EBB
3A06,234C
3A0B,44A2
3A0E,2CF1
3A16,8DCB
3A19,20E4
3A1E,2F2D
3A20,CADA
3A27,CA89
3A2D,608F
3A2F,EB31
3A32,E4EC
3A35,CA88
3A38,040E
3A3D,8269
3A51,E6AF
3A54,94CD
3A5B,240D
3A66,804E
3A67,409E
3A68,7A2B
3A69,83E2
3A6B,E236
3A6C,42E7
3A70,FF9B
3A79,8E9D
3A7B,2B04
3A95,F1C7
3A9D,2C4E
3AB9,233E
3AC3,4A44
3AC4,788C
3AD3,593D
3AD9,6072
3ADF,7921
3AE1,06E9
3AE3,0649
3AE6,2F47
3AF2,9BF8
3AF7,F362
3AFC,C502
3B0B,22A0
3B0E,8A1B
3B11,3504
3B17,F43C
3B1A,C615
3B1B,3CBB
3B25,A5FF
3B32,8AC9
3B33,6FDA
3B3D,467A
3B40,1ADA
3B44,8FD1
3B4E,E879
3B50,2B12
3B52,289C
3B55,B68A
3B68,B0A4
3B69,1A8F
3B6D,E878
3B81,AF36
3B8F,7045
3B97,CA34
3BA6,36F3
3BA7,1BC4
3BA9,4450
3BB0,BA8D
3BBA,8234
3BCB,B00C
3BCF,50B1
3BD0,A29C
3BDB,4FCE
3BDF,6F52
3BE3,364D
3BE5,F43E
3BE9,2431
3BF6,A2B4
3C1D,117A
3C25,C5D4
3C2D,6CBB
3C2E,869B
3C2F,856C
3C36,BCCC
3C37,FB88
3C3C,F4B3
3C3D,8564
3C3E,9DFA
3C44,4A2D
3C45,5AF8
3C59,E963
3C5D,E29A
3C71,06DA
3C76,1313
3C77,0AB3
3C7F,1C18
3C82,46DC
3C83,55FC
3C87,04C9
3C8D,45D7
3C8F,7752
3C90,278B
3C91,0693
3C9C,549A
3CA7,B7CD
3CA8,2B6F
3CBC,4BD8
3CBF,374F
3CC7,C295
3CCE,61B0
3CE5,02CA
3CEB,E5DA
3CEF,1C5F
3CF2,7E38
3D00,3AE7
3D03,39EE
3D08,395E
3D0F,19A4
3D20,DE66
3D22,BF9B
3D27,636F
3D2B,C281
3D2E,9D98
3D30,DD28
3D31,618D
3D35,6383
3D37,6060
3D45,3E1F
3D46,E4D6
3D4C,7334
3D52,289F
3D55,18A4
3D59,2662
3D5D,D382
3D5E,2A67
3D62,48B7
3D67,B395
3D69,4283
3D6F,46D2
3D70,F98C
3D73,F928
3D77,F5D2
3D7F,93F9
3D81,A311
3D82,42DB
3D84,E4DF
3D85,A110
3D8B,737B
3D8C,705C
3D90,3AAB
3D93,A401
3D99,3182
3DB3,7BA4
3DC8,DE25
3DCF,B762
3DD1,6762
3DD5,DD89
3DDA,6C9B
3DE0,3A47
3DE5,325E
3DE8,397E
3DED,13C7
3DF2,2A96
3DF4,90C7
3DF9,2261
3E05,5B05
3E15,09EC
3E17,547E
3E28,C826
3E2B,439E
3E2C,5124
3E4E,7B8A
3E53,2327
3E6C,B13C
3E73,F32E
3E79,86AE
3E84,4829
3E85,020A
3E87,E976
3E8D,1AB9
3E91,2FBB
3E95,0559
3E99,74C7
3EA1,4094
3EA7,7AB7
3EAA,4A3B
3EB2,219E
3EBE,94F7
3ED5,56A3
3EDA,4640
3EDB,B0F9
3EE2,2127
3EF6,2B07
3F08,4480
3F09,2C7C
3F0B,44C5
3F13,54F9
3F16,E8F0
3F18,05F5
3F1E,EAD3
3F1F,E6C6
3F22,9DC3
3F23,F48A
3F26,869D
3F2D,6781
3F31,C6DE
3F33,C6BE
3F35,C58C
3F39,859D
3F3E,6C81
3F41,59CB
3F43,59CD
3F49,7073
3F4B,42FB
3F4E,49FF
3F5B,E598
3F5D,E263
3F5F,3C76
3F61,8267
3F6A,8868
3F76,304F
3F78,5496
3F82,46F1
3F86,1D4A
3F97,F7F4
3F99,212D
3F9B,1C43
3FA1,2B68
3FAB,46F2
3FAC,6CB1
3FB6,FC7B
3FB7,2CC1
3FC5,C28A
3FC9,8860
3FD0,C220
3FD3,CA8C
3FE2,E5C6
3FEB,44F6
4006,E6A3
4009,EAA9
400E,AB85
4010,5448
4013,FF68
4017,084A
401C,2F85
4021,2375
4022,23E3
4025,3AB9
4027,3228
4046,F472
4049,C87B
404B,375B
4057,38B5
4058,135B
405C,2F55
4060,5B75
4061,11E7
406D,6620
4078,028C
407A,C2A1
407C,F3D0
407F,231A
4080,9494
408B,FFEF
408F,F1EF
4097,0A79
409F,1751
40A2,21F3
40A4,08B4
40A6,68D4
40A7,1298
40A9,881C
40CC,F0AA
40CE,E538
40D6,0670
40E4,E82D
40E7,0A5F
40EE,4408
40F3,022D
40FC,F083
40FF,E26B
4108,EAB5
410E,E6F1
4110,5BF4
411F,4BF2
4120,AD1C
4123,3031
4128,AE1E
412E,E92B
4137,3FAC
413D,E9BD
4142,334A
4144,0886
4150,44C1
4159,EA64
415D,4B9C
415F,AE42
4166,3C4E
4167,E58E
4168,1336
4169,31E2
416D,06B2
4172,446C
4179,4B9D
417E,AD71
4189,5B8B
4191,09F6
4199,E8DE
419D,1C4E
41A1,EABC
41A8,4B8E
41AD,5B81
41B3,1F49
41BF,3176
41C3,3F35
41C8,3336
41CC,3118
41CD,1732
41D0,33AE
41D4,E889
41DC,1F76
41DF,3F39
41EA,5BC1
41EF,104C
41F2,317F
41FE,E66C
4209,2373
420C,08AF
420D,2FC5
4219,13E4
421E,E22D
4220,3C1C
4232,E638
423D,E2BD
4248,B89C
424B,8A37
424F,6AD4
4251,E5A0
425A,E2F4
4276,3144
427B,24A2
4283,9497
4285,17AC
428C,B663
4291,0805
4293,08E5
4297,F1C0
429F,E20A
42A7,173B
42A8,4B38
42AD,0581
42AE,3351
42AF,D487
42B5,2F7A
42C5,F03F
42C9,20D0
42CB,126A
42D6,FF1A
42D9,F113
42DA,F333
42DC,3226
42DE,21B8
42E0,089C
42E9,E5CB
42ED,E2FB
42F9,F370
42FB,8A04
4303,AB58
430A,32E0
430D,13CA
4310,39EF
4311,360F
4313,A40F
4318,AB56
431F,7B03
4322,7FAB
4325,A355
4327,A30F
4330,3D58
4332,42FD
433B,A35B
434D,B78B
4359,E791
4364,DDC3
4369,8283
436E,DEFA
437B,BECA
437F,97CA
4381,63C1
4382,82DB
4388,9DC0
438D,B1BF
4390,390F
4397,F85B
439A,3955
43A3,48FD
43A9,89D0
43AA,4ACA
43AF,63CC
43B3,1506
43B9,E367
43C0,3EE6
43C1,3E0F
43C6,7CAB
43C7,A3A5
43D0,3D78
43D2,48CD
43D3,3E43
43D8,3E73
43DB,ACE1
43DE,3E56
43E0,3973
43E9,220B
43ED,98FD
43EE,190F
43F3,C429
43F9,E39B
43FA,F8D0
43FF,8466
4409,13E1
440A,06C4
441F,4BF1
4421,7E72
4424,4BD2
4427,AE0D
4428,1041
4432,44D1
4434,1F74
4438,7E42
443D,4BD4
443F,7D72
4443,1109
4447,3C02
4449,3154
444C,33AF
444E,E6FC
4459,EA9C
445A,442C
445D,446D
445F,AE41
446A,E522
446F,3149
447C,0ABE
4488,AD02
4495,E682
4497,0297
4499,E5DE
449D,1C77
44A5,7D5C
44AF,AD77
44B5,1C52
44BD,E697
44C6,E5BC
44CC,1F45
44E2,44DC
44E8,546E
44F6,171E
44F7,0562
44FC,0296
44FF,1118
4502,7408
4519,98CC
4525,A37A
4528,3E5A
4529,7300
452A,A07A
452B,49F7
4536,AF48
453B,A37D
4551,15AA
455F,BEC3
4561,77AE
4563,5584
4565,55BB
4572,2693
4576,D74B
457A,0191
4586,6FF8
4589,8983
458E,2B89
45A4,8624
45AA,5A85
45BC,ADBF
45C0,3E49
45C2,7F04
45C9,700F
45CA,AC5C
45CD,E4C8
45D0,ACE4
45D4,3D48
45E0,3255
45E7,F851
4609,2FFF
4619,2FE0
461C,09E6
4622,1296
4624,7B93
4629,20E3
4636,F138
4637,F003
463A,2070
463C,3296
4643,66D3
4645,3304
4646,05B4
4648,6623
464C,B867
4650,137D
4656,2013
465B,6281
4667,2015
4668,4B1A
466F,243E
4670,06D4
4684,8638
4688,B693
4689,F180
468D,FF48
4693,060F
4694,4BA3
469C,0A56
46A0,133B
46A1,E839
46AE,E6FD
46B5,E5FB
46BC,1AC9
46C7,F015
46C9,23E8
46CB,5B40
46D1,3560
46D4,A4DF
46E0,E6BB
46E5,F19A
46E6,237A
46E7,2FB0
46ED,207A
46F4,B5CA
46F5,0291
46FA,022B
46FE,334B
4707,F403
470E,8631
4714,84AB
471D,9B8C
472A,6BF8
4731,AF4A
4734,A1E6
473F,A0E5
4740,90EA
4746,DF39
4749,D33A
4758,2904
475B,4D6D
475D,EBAC
4760,98F6
4767,2278
476B,4F87
476D,E388
476E,E0D5
476F,6F17
4777,565F
4778,5D9B
4784,B1B6
478A,DC30
4791,F6A2
4792,2502
479C,F2A4
479D,B6BE
479E,9420
47A5,BBFF
47AC,7006
47B5,948A
47BB,EC97
47C1,C052
47C4,830E
47CA,D9FA
47E3,C44D
47E8,CBA1
47EA,FB11
47F0,0B50
47F4,EC61
47F8,03BE
47F9,A582
47FC,0762
4801,2B71
4804,B5D6
4805,FA04
480E,DABB
480F,86E9
4815,F2EC
4819,92FE
481B,2B10
4822,9229
4824,BBC0
482B,2978
482E,7F05
483A,C352
4841,9CE3
4843,6D30
484B,9C4F
484E,63C9
4851,8557
4852,4602
4854,450A
4866,882F
486D,B3B5
4872,E4A5
4874,45A6
4875,0761
487B,1BCA
487D,D374
4885,6FA7
488B,9076
48B2,E4A3
48B4,A68F
48BE,BD37
48C7,C357
48CD,42C8
48D7,C001
48D8,6BC3
48EA,F2A2
48F6,4E67
48FA,0F2B
48FF,4606
4900,546D
4908,5497
4909,E2F1
490F,44C2
4913,0AC6
491D,E5DC
4922,1F59
4932,E8BA
4936,3C3C
493D,313C
4943,3FA2
4945,3004
495D,173C
496C,1036
496F,E9FE
4974,E96C
4978,5BD1
4982,08B5
4984,09B1
4985,3CA4
4987,1102
4991,54CE
4998,09F1
49A0,103B
49A3,EAB9
49A5,E887
49AC,111F
49B0,EAFB
49B2,E266
49B7,114C
49B9,E694
49C8,3017
49CF,10EE
49D4,3F3C
49D7,370C
49DE,301D
49DF,448E
49E5,0697
49F4,3074
49FB,AE74
49FD,AE4B
4A00,F252
4A02,9BDF
4A0C,C60E
4A0F,B522
4A14,245D
4A1F,2434
4A27,A0E9
4A2C,D59A
4A34,B485
4A39,5A86
4A3F,9680
4A40,B15E
4A47,610E
4A48,901F
4A51,245C
4A56,6D7B
4A57,6B8B
4A59,E064
4A5C,9B2B
4A67,C082
4A72,EBAB
4A76,DF44
4A78,04AB
4A87,B3DA
4A97,F65E
4A99,2802
4AC6,C0B2
4AC7,C07E
4ACF,224A
4AD0,C3A2
4AD4,2856
4AEA,CB5C
4AFF,75CE
4B00,0AE5
4B01,F1C5
4B12,137C
4B1B,1C4D
4B26,0540
4B31,3C37
4B33,3C34
4B35,35D3
4B3D,5475
4B4F,F150
4B50,E5A3
4B54,1C1D
4B57,36BF
4B59,86A0
4B62,F1E0
4B67,027F
4B69,6821
4B6E,8837
4B76,65BF
4B78,069B
4B80,6660
4B90,0879
4B95,0949
4B97,08EA
4B99,E9A6
4B9E,1AFA
4B9F,23FF
4BA0,0570
4BBB,219A
4BBC,20D8
4BC2,23D0
4BC7,3288
4BC8,F3AA
4BCA,39BA
4BCE,199F
4BD2,2F75
4BD8,F030
4BDD,0946
4BE0,5400
4BE5,0643
4BEF,1C51
4BF2,2038
4BFD,820D
4BFF,2313
4C04,160F
4C07,F5A1
4C0C,3600
4C0E,25AB
4C13,35E5
4C16,1808
4C19,3FB0
4C1D,3185
4C1E,1800
4C23,A7A2
4C41,6FFB
4C44,8A2B
4C47,6F63
4C51,16AF
4C5A,18A0
4C64,888C
4C69,BFB0
4C80,679C
4C85,BCFB
4C88,6C6E
4C8D,85D4
4C90,F55B
4C92,1500
4C94,ADB0
4C95,F5E4
4C9A,F504
4C9F,1508
4CA1,45CE
4CA3,77A2
4CA4,BCB2
4CB3,1CC3
4CB4,8463
4CB5,95F7
4CB9,9C1D
4CBE,E39C
4CC9,4AF3
4CCC,A1E4
4CD3,AFE7
4CD6,AF50
4CD8,A15D
4CDE,49F8
4CE6,13C3
4CE9,120F
4CF0,018D
4D08,09C2
4D13,0A99
4D16,E8F2
4D17,E284
4D3E,EA2B
4D40,30E7
4D43,3FEE
4D46,E9FD
4D66,4BCC
4D68,EA24
4D69,0282
4D72,E966
4D74,E961
4D81,3058
4D8E,EACD
4D96,7E51
4DA9,E6FE
4DAA,E524
4DB3,4B27
4DB7,11E1
4DC0,104B
4DD2,EA26
4DD7,3312
4DDA,ADAD
4DDB,7D41
4DDD,7E7B
4DE0,0AF7
4DE2,E9D9
4DE5,02C2
4DEA,02F2
4DEF,13E6
4DF1,5BD2
4DF2,EA96
4DFA,542B
4E00,F40D
4E0C,F27E
4E0D,9BBD
4E10,C519
4E19,94D0
4E1B,28AE
4E1D,85EC
4E20,6BC5
4E27,D2CF
4E2E,95D8
4E33,C37E
4E39,284A
4E3B,C1E1
4E41,B028
4E52,EC62
4E5B,D372
4E65,257A
4E75,5501
4E87,9058
4E8C,BFEE
4E91,F9EB
4E9F,BBCC
4EA7,92CF
4EB5,2B3B
4EBD,76C8
4ECB,5286
4ECF,7FA6
4ED6,2673
4EDB,A056
4EDC,C35E
4EDE,64F8
4EE0,244B
4EE2,22A4
4EE4,2AAB
4EE6,B587
4EF0,0404
4EF4,903D
4F00,F8E4
4F02,3780
4F04,1608
4F09,D681
4F0F,AEBF
4F17,3248
4F18,35EA
4F1C,3579
4F23,3EE8
4F32,56B1
4F34,AC7E
4F3F,3D7A
4F40,B123
4F4F,61FD
4F50,18A3
4F52,8B65
4F56,D3B0
4F58,16A8
4F64,88D4
4F6D,89B3
4F6E,8220
4F79,2268
4F89,858D
4F91,A45A
4F92,7B00
4FA1,0BBF
4FB0,D58B
4FB1,7B08
4FB2,BEF3
4FC0,A05A
4FC5,A3E8
4FCD,7003
4FD9,AF73
4FE1,3558
4FE4,3C8F
4FE5,3243
4FE7,3950
4FE8,ABAF
4FEC,ABE5
4FEE,3380
4FF7,019B
4FF9,DC71
500E,7786
501A,1E84
501B,FA72
5022,8C3E
5023,FD6F
5034,8796
5038,C7BA
5039,745A
503B,2E1A
5043,5CC6
5045,C4C6
504C,0EC3
5051,8B17
5054,5EB5
505E,5745
5062,EDC0
5065,15E9
506D,BD89
5079,4C1A
5094,C47F
509A,AC6A
509C,DA94
509D,7679
509F,9696
50A4,47F5
50A6,BEB3
50A8,8719
50AF,9E43
50B2,0F82
50B4,6E4A
50B7,772A
50B8,8B39
50B9,5C70
50C1,CCD6
50C9,7D83
50CD,7416
50D1,FE21
50D5,AB1F
50D9,74E8
50E9,7655
50F4,6E56
50F5,6558
5114,865B
5115,A09E
511C,656D
5125,1270
5127,124F
5130,3203
5136,1320
5140,01CD
5142,93E1
5145,0CF7
5156,6977
515D,5F74
5164,E1F2
516A,265C
518B,4ED7
518C,0FCD
5192,8AE0
5194,B8F0
519A,B98F
519C,B8BF
519F,8A48
51A1,845C
51A7,11DF
51AB,4DFB
51B8,BA2A
51C2,25EE
51CA,F507
51EE,7184
520D,F974
5222,9AD4
522F,841B
5231,CB11
5232,8B1B
5233,CB1C
5236,CC45
5237,C7D5
523B,293B
523C,2A44
5249,B77E
524D,EDC5
5250,F67F
5252,EB3A
526E,ED23
526F,974E
5270,6EAF
5276,6D49
5282,4ECB
528E,9D7C
5293,68FF
5294,B823
5298,6AC5
5299,2A3E
529E,9A92
52A1,2934
52A9,47DA
52AA,8C6A
52AC,BB8D
52B3,B8FF
52B5,9A6C
52B7,CB72
52B8,BAC5
52BF,A9B3
52D0,FD20
52D5,CCBE
52DE,8C6C
52E0,6426
52E4,65F7
52E6,64B9
52E7,649F
52ED,C446
5300,77B1
5307,AF67
531B,7AEF
531E,77DC
5321,AAF9
5326,4750
5329,B5E3
5337,6503
5338,6A0C
5343,D9A3
5344,D938
5345,6B0A
5354,4C3D
535B,6955
5360,4749
5370,B6A4
5375,690B
537A,6804
537C,B200
5385,D6AA
538B,38CD
5394,76E4
5397,A3FB
539F,1D29
53AB,16BB
53AF,18B4
53BD,D450
53BF,EE18
53D1,680E
53E4,1B79
53E6,A0CD
53E8,AC67
53ED,A3CD
53F4,DB79
53F5,D4A0
53F8,660B
53FA,9400
540C,B286
5411,A3FC
5414,78E2
5418,A0CE
541C,A0C4
541E,7656
541F,7A4E
5420,3535
5427,3519
5429,7ED5
543A,351F
543F,10B8
5440,8B80
5442,9C7C
5454,62E2
5459,473A
5467,1510
5475,9BAC
547E,DB47
5488,FA63
548C,2A80
5496,1B4E
549B,B9C6
549C,69C8
549D,1EF2
54AD,25CF
54B6,D44E
54C5,A41A
54C8,F51D
54CB,958C
54CC,F534
54D2,968C
54D7,A403
54DB,223B
54E3,A0F2
54E6,ACF9
54E8,73B2
54EA,3DCD
54EC,A39E
54ED,7649
54F3,7A98
54F5,940E
54FB,5246
5502,82E1
5504,7386
5506,14E6
550B,7086
5510,3E69
5517,A368
5519,70D3
551B,887E
5525,78B6
5539,42E6
553D,7886
5541,7B2C
5549,E85B
5554,5345
5559,4F33
555A,7A55
5563,45EB
556D,D933
5570,9B0A
5576,69EF
557D,62EF
5585,38F4
558A,38C1
559B,7279
55A5,48E6
55A9,E551
55B2,5272
55B4,684A
55B5,75EB
55B8,78E6
55B9,5170
55BC,B827
55BF,4018
55C0,B874
55C1,346A
55C3,75BB
55C4,E478
55C6,BAEE
55DF,E4E6
55E6,7FBF
55F4,6856
5603,948F
560A,6496
5611,6ACA
5612,B8D3
5619,9A62
562F,285E
5630,FDDB
5635,CC94
5636,C774
563A,FD90
5643,0F9C
5647,47B1
5649,EDFF
564C,E7B1
564D,9E4D
5651,8A7A
5652,4233
5654,463D
5658,9BF6
565A,CB74
5662,EC27
566B,9F51
5670,9C06
5677,9F02
5679,5D82
567E,5E86
5689,4CC2
568C,E3B2
568D,9E7A
5696,B496
5697,DA27
56B3,854D
56BB,3BD5
56C0,C729
56C1,CB37
56C9,8C17
56CC,F23C
56D4,9ABD
56D7,CC24
56D9,2D68
56E4,2B79
56ED,D9BC
56F2,524F
56FE,6E79
5706,70B4
570A,AFF7
5714,2533
571D,77F1
5723,DDA1
573C,6C59
5740,B430
5741,CC14
5748,2D30
5749,B475
5751,2513
5753,9590
5758,8B38
5759,0D40
5760,9B57
5763,B7A2
5774,6D55
577A,6657
577C,BD03
577F,DC50
5789,E756
578F,2E44
579B,926A
57A0,4CE5
57A1,EDCC
57A3,9DA1
57BC,293A
57BD,5F4B
57C1,6752
57C7,B54F
57CB,B70C
57D4,4CFC
57D6,9472
57D8,DEE3
57DF,6C52
57E1,D5B8
57E2,2638
57EB,2613
57F3,9109
57F5,B90D
57F6,6AE4
5801,A199
5803,718F
5809,FA76
580F,7A4A
5812,B8DE
5816,2918
5817,D228
581A,D8B9
581F,8852
5823,A8CA
5827,675E
582F,4850
5834,EB79
5838,A667
5839,5C82
583E,5786
584E,C719
584F,4B47
5857,9298
585F,A222
5862,E654
5867,9EAA
586A,9DAC
5874,5376
5875,D106
587B,A2BC
5882,E67E
588B,32FC
5892,BADC
5893,A0F9
589D,8B13
58A7,B7AE
58A9,2DD0
58B4,69E6
58B8,7849
58BB,68E5
58BD,6D50
58C1,A6C1
58C9,B701
58CC,A8C5
58D0,DDE4
58D2,4248
58D3,148F
58DB,A5CD
58E3,BAB1
58EF,69FC
58F5,6DA0
58F7,9106
58FE,6D48
5918,DB69
591A,BAB6
591B,8873
5920,194F
5922,96D2
592B,2812
5933,F212
593D,98DB
594C,03CE
594E,9025
5969,E3F4
596A,1F25
596F,4E2C
5971,A2D3
5972,421A
5978,1B6A
597B,A2DF
598F,9754
5992,B8C0
5999,B2CF
59A3,2857
59A5,28ED
59AB,937E
59B2,5270
59B5,7A54
59BA,73DC
59BE,627E
59BF,451C
59C0,3908
59C4,2911
59C5,3208
59D1,8B71
59DA,1240
59DC,F21E
59E4,2B56
59E5,62C8
59EC,6A63
59F7,786A
59FD,69E1
59FF,E439
5A04,894C
5A0B,8277
5A0C,B8B2
5A0F,62C7
5A10,D583
5A16,F540
5A1F,7979
5A29,BCAF
5A2A,6C4A
5A32,457D
5A35,DD5D
5A3E,DE47
5A4A,CC32
5A5C,70F6
5A5F,6A78
5A61,4848
5A69,2D40
5A6C,4A73
5A6F,36FE
5A70,6D00
5A76,6D7A
5A79,0CBF
5A81,ABC1
5A82,4B7D
5A86,CC39
5A87,87EA
5A8B,E94D
5A8E,FE37
5A9B,BAF2
5A9E,999F
5AA6,FE1C
5AB3,B8F1
5ABB,5942
5ABF,A9BE
5AC6,57B2
5AC9,EEF3
5AD0,DEA0
5AD2,A9C3
5ADD,0D85
5AEC,A198
5AF7,D0AF
5AF9,D34A
5AFD,0FB6
5AFE,0386
5B06,1D82
5B09,7C85
5B19,7CC6
5B1F,F645
5B35,3639
5B44,4CDC
5B48,0EF3
5B57,1EDD
5B59,577F
5B5A,1451
5B61,8792
5B6B,4CC4
5B74,6DE6
5B75,940D
5B95,3E9E
5B97,77BF
5BAE,9C26
5BAF,9D47
5BB2,6DE2
5BB3,BB92
5BB4,0FB2
5BB6,D477
5BB8,BB94
5BBE,5C40
5BC0,164F
5BC5,1670
5BCD,1C8A
5BD2,2E38
5BDF,871E
5C05,AFCB
5C06,A1FD
5C21,683C
5C22,B85E
5C26,ED7D
5C27,DB3B
5C28,6A1E
5C29,B658
5C2B,BA32
5C2C,6A14
5C3B,4177
5C48,18D7
5C4F,32FD
5C52,EE3A
5C56,664E
5C5C,77FB
5C5E,D4E0
5C60,9B14
5C64,E8E4
5C6E,4D50
5C73,B5AC
5C74,6547
5C78,DBAF
5C7D,0D75
5C7F,D449
5C80,6BA8
5C84,D213
5C88,D903
5C8D,4D49
5C9D,7FCB
5C9E,712C
5CA4,9940
5CAD,E778
5CB9,6851
5CBD,5071
5CBE,4337
5CC6,EE4E
5CCB,79C6
5CCD,9B32
5CCF,4979
5CD2,AAFA
5CDB,4249
5CDF,A2F9
5CE1,ACCD
5CE4,A7F7
5CEE,ACCE
5CF4,5F4F
5D00,1DB4
5D05,7C8F
5D12,B229
5D18,A3C4
5D20,AB19
5D35,36AA
5D37,7440
5D38,1275
5D3B,98BD
5D40,F66A
5D44,908A
5D48,F868
5D53,8849
5D63,1815
5D67,7DB8
5D68,1A15
5D6D,BD2F
5D6F,29D3
5D73,A966
5D76,D44C
5D80,26B5
5D82,E7F4
5D84,29FF
5D8E,8BC6
5D95,3EFD
5D9B,7852
5D9E,14E4
5D9F,73DE
5DA3,283B
5DA5,7B15
5DA8,1FB8
5DAA,1515
5DB2,4939
5DC7,A438
5DCF,1FD0
5DD6,1535
5DDB,138A
5DED,ACF8
5DEE,7579
5DF1,B202
5DFB,694C
5E04,64DF
5E0E,1DBF
5E11,D8D6
5E13,DAD6
5E1B,F97F
5E1C,D965
5E21,6754
5E23,DE55
5E2B,0E80
5E30,661F
5E36,9441
5E3C,6702
5E48,C735
5E5C,9965
5E64,C73A
5E67,B55A
5E78,BDA3
5E7A,685C
5E7B,D056
5E81,FD30
5E86,964F
5E88,8735
5E8E,4E56
5E97,A36D
5E98,6B25
5EA3,EECA
5ECE,4C78
5ED8,6C78
5EE0,3EC0
5EFA,B602
5EFD,66E1
5F01,6AFC
5F04,89E1
5F1B,7FF5
5F1F,794A
5F2D,BA31
5F33,A6F4
5F37,6832
5F3A,6A3C
5F43,16C4
5F44,E6E1
5F4C,366E
5F51,795F
5F54,6A5F
5F55,7C2C
5F5B,5F46
5F5E,6551
5F63,7A23
5F65,7928
5F66,36FD
5F6A,495F
5F6D,E64D
5F70,65A1
5F7E,D4E6
5F80,D203
5F83,74FB
5F89,E1EF
5F91,BA82
5F94,B8F2
5FA1,4651
5FA4,7B81
5FA8,E4E5
5FB5,7023
5FB7,78EF
5FBC,88E1
5FBD,5F75
5FC0,AA69
5FC4,78F0
5FC5,A998
5FCD,79F5
5FDB,4950
5FDF,7980
5FE0,7C8B
5FE4,71B6
5FF1,A927
5FF5,B9AA
601B,208E
6025,5C08
6029,94E2
6033,0D23
603B,9E1A
604E,BBE6
604F,8CD9
6051,8E24
6055,4E1A
605D,AC83
605E,A545
605F,FF4E
6085,5E10
6088,CCC8
6091,CD0A
6096,96A6
6098,8E46
60B2,FF82
60B8,8ED6
60BD,A788
60C4,4C98
60E0,6458
60E5,6B73
60FB,F756
6108,38DE
6110,DAEF
6126,4031
612D,B977
6133,563D
6134,14D5
613A,5F14
613E,B8E1
6140,021D
6141,0531
614C,050E
614F,1522
6155,98A0
6157,98A5
615B,C64B
6167,42EA
6169,162B
616D,E63B
616E,E811
616F,15BC
6171,66DD
6187,0033
6199,E61D
619F,0541
61A3,75D4
61A4,742B
61AB,443B
61B2,69D0
61B4,C240
61B8,1594
61C1,59A3
61C5,4A45
61C9,4959
61CD,79B9
61D8,5233
61DD,4AEA
61E2,4B1D
61E8,A42B
61EB,4B37
61F4,8938
61F9,62D6
6200,F0AE
6203,35DE
6208,3892
6214,E91D
6215,CD35
621E,8D26
6224,E459
622B,758C
624C,080E
625C,7B6D
6268,79B8
626E,2D23
6270,CEAF
6271,652C
627E,F74A
627F,D4B9
6280,CC99
6286,8C4A
628B,E93B
628F,19B7
6295,F031
6299,20D2
629C,358E
629E,205E
62A4,192B
62A9,87DA
62AD,2EC1
62B3,186C
62B9,FFE2
62BB,C940
62BC,0572
62BE,2FCE
62D0,0D20
62D6,DE4F
62E1,A48D
62E6,CD39
62E9,2789
62EE,F73A
62EF,39BD
62F4,C94F
62FF,628A
6307,3768
6313,D8FD
6318,30C5
6319,7ED3
631D,15EF
6320,393C
6323,3231
632C,361E
6331,32AE
6335,3209
633A,3A0A
6344,90BD
634A,2AB2
634B,BEBD
634D,BE87
634E,9087
6350,7EF6
635E,26D6
6366,29DE
6367,1089
636A,7D8E
636B,9F21
6375,DC9A
637D,6DF8
6380,8BB1
6381,F89E
6384,2ACB
6385,F26A
6386,93B9
6389,28F5
638B,9387
638E,29F1
6399,17D8
63A8,108D
63AB,97D1
63AF,9322
63BA,1CCF
63BB,9F80
63BD,BEB5
63CE,7BEC
63D2,1231
63D3,3A07
63D6,7412
63D8,A40D
63DD,7E87
63DE,1087
63E3,96B4
63EA,7E80
63EF,D5CD
63F5,6E6A
6400,6BA0
6406,647A
6434,BA7E
6460,944C
6466,9543
6467,EE12
646A,473F
6489,E716
648E,9678
648F,9A48
6490,D55A
64A0,ED11
64A2,EF53
64AC,B94C
64B0,95AA
64B2,682F
64B4,883A
64BE,7613
64C6,EE32
64CE,B650
64D4,4A16
64D5,0D3E
64D7,5C03
64DC,58A8
64E5,D659
64E7,64AF
64EA,D679
64F7,AC60
64FB,C246
64FF,62B9
6501,649D
6505,30F3
650A,3363
6510,309A
6518,DA6D
651B,287E
6521,F208
6527,1274
653D,1324
6544,93DB
6546,29DD
654E,90DB
6552,ECD2
6553,2854
6555,28EB
6556,D31C
655A,25EB
655F,D13E
6565,7BED
6570,9FC0
6575,D334
6576,977B
6578,9034
657B,9141
657E,29DF
6585,F8C2
658B,9055
6594,297C
6596,13D3
659B,297D
65A2,E1D3
65A5,1857
65AA,1557
65AD,938E
65AE,2AF4
65B0,1A55
65B1,99D7
65B5,1855
65BA,10D8
65C3,35AD
65C7,1241
65CD,191B
65DD,7EDB
65E0,30C0
65E1,D8FE
65ED,988B
65F2,E1D1
65F3,D011
65FB,BE7B
65FE,9FBF
6600,2C45
6613,3887
6623,523F
6626,EE90
6628,0B19
6632,4910
6639,4C9E
663A,0D90
663C,4240
663E,4799
6640,FD67
664E,8749
664F,4B34
6658,1A6D
665C,159E
6664,74D4
6676,CD4C
667D,FF4C
6689,8CC2
6694,4437
669B,E91C
66A0,6776
66A9,2DD3
66B2,891A
66B6,8EC8
66B9,8DC7
66BF,2B18
66CE,ED64
66DE,6746
66DF,4534
66E8,A464
66EE,8E89
66F1,9B9F
6700,AEF0
6705,37FF
6708,FEE3
6713,FDA1
6717,3769
671C,FE0B
671D,1CF5
6724,2E62
6726,7B31
672B,FD74
672D,7D87
6732,2D61
6735,A417
6738,FD62
673C,CCB3
673D,745E
6745,F2FA
674B,40D7
6753,2DA1
6759,8B88
675A,165F
675C,2E0B
675D,26B9
6765,13D5
6769,9126
6773,9D3B
6775,9CF6
677B,EED4
6780,CB6E
6789,84DC
678A,CBF1
678E,90D1
679E,7EF0
67A1,2E92
67A6,BEBC
67A8,876F
67AB,EDC4
67AE,BED2
67B0,172A
67BC,2EF8
67BD,268A
67C1,C064
67CD,11B9
67D6,112F
67DA,3236
67E3,FDE7
67E5,3CF5
67E9,1556
67EC,CC59
67F7,DC63
67F9,BD85
67FB,4C22
680F,8B47
6819,2E00
6827,C0B7
683A,C364
6844,93BD
6845,5793
684E,B77A
6855,FE85
685B,9C74
685C,95C2
6867,C37B
686C,99B8
686F,282C
6871,D1AE
687D,DD38
6883,0368
6885,5F67
6889,40F4
688F,937A
68A5,836D
68B4,BD4B
68BD,B745
68BF,E021
68CE,2E61
68CF,1321
68D9,839D
68E6,CC4C
68E8,6467
68FB,6E1D
6907,322C
6923,5208
692D,421F
693A,581F
6942,E2EC
6943,091B
6950,9AA5
6952,8933
6969,E834
696E,9A73
6970,719E
6974,2B19
6975,68DA
697F,69DF
6980,0013
698B,1824
698C,E542
6991,3964
6994,0971
6995,D855
6997,386B
69A0,B2E1
69A4,EA34
69B1,1964
69BA,9A0F
69C4,E41F
69C8,0BA9
69CA,4174
69DB,75DB
69E2,E217
69E8,392C
69EC,3562
69F6,7217
69FA,7F62
69FF,2439
6A05,C7EE
6A1F,847D
6A21,323B
6A2E,8760
6A3A,FDDE
6A45,5FCD
6A59,47D5
6A5E,B77F
6A64,EF23
6A6D,40C1
6A6E,43D7
6A74,6E37
6A76,6C39
6A77,B7EA
6A78,D0AC
6A8C,2281
6A90,C757
6A98,D5C4
6A9C,D5CE
6AA9,4C23
6AAF,9C8D
6AB1,284C
6AB7,C782
6AC0,C08D
6ACF,2830
6AD3,F233
6ADB,2915
6ADD,816D
6AE2,8B7D
6AEC,D99C
6AFD,ED8A
6AFE,4CBC
6B01,CE3C
6B04,8DD1
6B05,D5E8
6B08,F032
6B0D,EC13
6B10,64E5
6B21,0E64
6B28,5C66
6B2C,0E2B
6B38,0E91
6B3A,0D3B
6B45,0738
6B4D,EC53
6B4F,8752
6B54,F75F
6B59,A57F
6B6B,8CC4
6B6C,EE6F
6B76,3ED4
6B84,8CE5
6B8E,B4E5
6B8F,2D51
6B93,CEAE
6B9C,2041
6B9E,BB03
6BA7,9B5B
6BB0,95A5
6BBD,3474
6BC6,EE31
6BC8,5CD1
6BC9,EEEE
6BCA,0DAE
6BCE,B643
6BDA,0D14
6BDD,ED5E
6BE4,8D46
6BE5,D6EA
6BE6,D5E5
6BEB,27D5
6BED,E73A
6BF2,FF54
6BF3,8DA7
6C10,3CC8
6C1A,ADFA
6C27,A43C
6C29,1F22
6C2D,7DBE
6C2F,741B
6C36,10BC
6C3B,193B
6C49,9188
6C4B,22C4
6C4C,F86E
6C55,7DF5
6C58,1873
6C6C,1512
6C70,6E98
6C74,D1C3
6C7B,298A
6C7D,84B9
6C85,CBFE
6C89,84F1
6C8C,2981
6C93,D2F4
6C98,D5FB
6C9C,D6CC
6CA9,292E
6CB3,92F4
6CB8,95FB
6CBB,E78C
6CC1,3214
6CC3,3217
6CC4,1122
6CC8,363C
6CD8,1272
6CD9,1188
6CDE,1816
6CE2,1248
6CEF,3FCA
6CF8,93E7
6CFD,848A
6CFE,26B8
6CFF,D13D
6D0B,D248
6D0C,3664
6D0E,6B79
6D11,35BD
6D12,129B
6D14,980F
6D1F,E21C
6D2D,EEEC
6D2F,4258
6D30,ED4B
6D34,4131
6D3C,487F
6D3F,7AB9
6D46,E735
6D5F,68D5
6D62,E6ED
6D63,4014
6D6B,9A50
6D6D,B45F
6D6F,EFE3
6D70,1D6B
6D7C,B89F
6D7E,A576
6D83,0607
6D86,957A
6D89,EC10
6D8B,18BD
6D95,D549
6D9C,38DD
6DA6,BB50
6DA8,B24C
6DA9,4DE3
6DB4,AF24
6DC2,79D6
6DC3,5F31
6DC6,B55F
6DD9,4C3F
6DDC,4946
6DDF,4F12
6DED,6448
6DF0,3D6B
6DF3,A192
6E03,CC79
6E07,AEC0
6E08,CC78
6E0D,1786
6E12,8702
6E13,FE55
6E17,AE68
6E1E,7DCF
6E24,CC70
6E29,132F
6E36,13D6
6E39,19E9
6E41,EEB2
6E46,2927
6E48,57C0
6E58,8706
6E5A,1555
6E66,84DE
6E6D,90BE
6E70,BEF5
6E74,4726
6E7C,BCEE
6E80,FACE
6E86,93D6
6E8D,90D6
6E91,CC05
6E94,CC8F
6E96,1C29
6E98,C7E6
6EA4,4CC0
6EA5,1AE9
6EAA,18E9
6EB6,252F
6EBE,6EFA
6EC7,1A76
6ECF,2D3E
6ED7,3A3A
6EDD,7E24
6EEF,CCE1
6EF0,6EF5
6EF5,6ECF
6EF8,6735
6EF9,84DF
6EFD,9786
6EFF,4CD6
6F00,D2CB
6F0D,25E4
6F11,B481
6F16,1848
6F1E,18E0
6F24,165D
6F34,11D4
6F3D,7BE7
6F4A,F5F1
6F4B,E123
6F51,8451
6F52,E08C
6F53,B42C
6F57,132A
6F63,9220
6F68,92DF
6F6C,2AE8
6F6D,26C4
6F72,4E2B
6F74,9F4B
6F76,9180
6F7B,4ED4
6F84,91D4
6F87,F9CD
6FA1,165C
6FB7,22E4
6FBF,DC17
6FC5,1672
6FCA,36AE
6FD5,3617
6FD7,360E
6FD8,F933
6FDB,2253
6FE2,8B5B
6FE7,30F0
6FED,1250
6FF4,ECD1
6FFD,E7D4
7000,AB29
7003,CEAD
700A,156A
700C,21EC
702B,832A
7030,5539
7033,5395
7037,551E
7038,0ED6
7039,EB40
704D,5B0A
7053,F354
7057,652E
7058,F00B
705B,F382
705D,853C
7066,7B2F
706A,053A
706D,4458
706F,8751
7074,FF5C
707D,65D1
707E,D464
7082,8FB0
7088,2EB6
7094,20FD
7097,4417
70AB,83C0
70B8,F0EB
70C5,762F
70CA,4558
70CE,4B36
70CF,2DE6
70D8,0E66
70DC,5325
70DD,56A8
70E0,7B99
70E5,39DC
70E8,205D
70E9,1962
70EE,1666
70EF,F132
7102,AD03
7104,7D53
7106,F711
710E,23E7
7117,E920
712E,4AC2
7138,F42C
7143,55F8
714B,04FE
7155,30E8
7156,08B0
715A,3048
7163,56CA
7165,C1F9
7166,8FC6
7182,45B5
718A,58F1
718C,0BFD
718E,526E
7191,3C33
7192,0580
7194,17AA
7195,278C
719A,F71C
719E,270D
71B0,F7ED
71BA,F147
71BB,1703
71BD,2CAD
71C2,EBC2
71C9,8FCF
71D9,5196
71E4,AEA8
71E5,1F15
71E7,113F
71F3,7DAA
71F5,210D
71F8,1C08
71F9,F15B
7201,A492
720D,2C32
720F,A427
7211,36B9
7212,9B6B
7214,863A
7221,14B7
7227,EE65
722B,15D5
722F,E658
7233,E471
7239,0D2F
723B,0437
723F,0434
7240,C0CA
7248,4B74
724D,CFF3
724E,8180
7250,CD7C
7251,D421
7258,66D5
725C,DB6B
725F,F444
7267,CFC0
726B,7487
7272,6629
7276,CD7D
727A,FFED
727F,D4B7
72AC,E576
72AE,2D29
72B6,F7B2
72BE,23A2
72CC,75D2
72DC,0B08
72DE,5320
72E6,CE11
72E8,A466
72EA,FF3B
72FC,D495
7304,A7EA
730F,1EA1
7315,C34A
7316,40D6
7325,A370
7326,8A2A
7339,5AD0
733A,5A95
733B,522C
733C,52D4
733D,5823
733E,0488
733F,522D
7346,8581
7347,8885
7353,B785
7359,BF59
7363,C66C
7364,2BC0
7367,82BF
7384,F4C3
7385,C89A
7389,89B0
738B,C8F4
7390,A17E
73A0,2B86
73A1,CA9D
73A2,B021
73A3,C89D
73B3,9EBB
73B7,6309
73C0,3D7F
73C8,3E70
73C9,B1DF
73CB,8527
73CD,85DD
73D4,0B23
73D7,5825
73DA,04D5
73DD,0429
73E7,8106
73E8,77A6
73EF,ACE3
73FC,BCD8
73FD,63FE
7401,3CA3
7407,F10D
740A,F707
740F,3C15
741D,13A0
7424,46DA
742C,8598
742F,E42C
7432,C689
7436,CADC
7441,0B9E
7445,8F8F
7447,C16A
744F,04C4
745A,3350
7466,8FF5
7469,8F29
746D,8F49
7476,3348
7479,30E3
748A,5A9E
7494,17A5
749A,FC3D
749E,270B
74A6,4AF1
74AC,EB8B
74B6,FCB4
74B8,37A5
74B9,2CCD
74BA,FC51
74BB,1708
74CB,1D52
74D8,FB24
74D9,5F96
74DB,FBBC
74DE,5189
74E5,1153
74EB,1C36
7501,1E07
750F,77AF
7520,466B
7522,B0B7
7528,4694
7532,522B
7536,5890
7537,5A83
7544,C697
7550,63C4
7553,67CA
7566,9E2F
7567,C2F8
756B,2B23
756C,C8CD
7577,B035
757F,B780
759A,42FE
759B,2BBD
75A8,F4F8
75B3,DEFD
75BB,862F
75C6,B7B7
75D3,5527
75DE,5664
75E7,800A
75E8,77A9
75EB,3DA4
75EC,1DAE
75F0,61F1
75FB,BC8F
75FC,BCFF
7603,3596
7606,205C
7609,2C57
7614,B566
7620,4C6B
7622,1924
7623,1B83
7633,0BAA
7636,5390
7646,2E8F
764F,E57F
7650,F0ED
7653,DB25
7654,B698
7655,F377
765A,F777
765D,27FC
7668,5BA9
7671,6661
7684,5B3A
7687,C0C3
768C,EA41
7690,8D4B
7699,23A7
769A,2021
769C,0972
769E,F0BB
769F,B665
76A0,FEC9
76A8,4B76
76AD,80D8
76AE,8CEB
76BB,C676
76BD,2FCC
76BF,949B
76D3,0B0D
76D8,5509
76DA,5C8C
76DD,0D9F
76E4,7B6A
76E5,F131
76E9,21EE
76EF,39DE
76F0,F05D
76F3,DB9B
76F4,6688
76F7,210C
76FD,FF51
7711,CC4D
7715,2578
7716,4DBA
771D,BD35
7720,BBD0
7721,AF45
7722,B026
7737,F51A
773E,CB03
7742,5F6E
7745,0FFA
774E,E0B5
7751,BC71
7758,9D45
775D,9C16
7765,0FF9
7768,4FB1
776A,0FF6
776B,BF77
7772,DD16
7780,07C0
778E,5D63
778F,C9F6
77A4,8929
77A8,C269
77AA,5DC5
77AE,4ED3
77B0,6E14
77B9,E0D2
77BE,905E
77C0,2AEA
77C3,8F97
77C4,BFE1
77C5,281F
77C6,EFF5
77C7,9926
77C8,816E
77CB,BF52
77D0,F839
77D3,C022
77D7,F21F
77E2,2EA8
77F2,B040
77FC,61AA
77FF,6038
7803,D599
7806,2EAF
7809,8FA5
7812,90EC
7817,81F3
781D,438A
7821,9989
7823,9988
7825,803C
7826,40C4
7830,58B9
784C,E0B6
784D,C86A
784E,C969
7850,DE36
7856,4320
786B,4EF0
7870,9E16
7876,B370
787D,B04F
787F,D03E
7889,41B2
7891,255F
7895,FEE5
78AC,EFB6
78AD,40DC
78B5,673D
78C4,4E2A
78CC,2A35
78CF,BD55
78E5,C1E8
78EA,CFE8
78EC,9927
78EF,D9F2
78F6,DDA9
78F9,6008
78FE,BC44
7902,1C5A
7905,313F
7909,2CED
7917,2321
791E,10AA
7926,80F6
792D,83F6
792E,714C
792F,EBC4
7940,58C4
7947,C3F9
7951,377A
7959,21AB
7968,55C6
796B,4628
796E,4ADC
7970,1F08
7982,46B0
7989,838F
798A,C0F6
798B,0497
7990,1175
7992,7EAA
7993,7E45
7994,5BB6
79A3,56FF
79A6,8128
79AC,04CE
79BD,EAC3
79C4,45F6
79C7,4F66
79CF,1E47
79D7,53B9
79D8,C5D9
79E4,1CE9
79E5,F31B
79E6,F307
79E9,235C
79EB,3CAA
79EF,ADA3
79F0,3FE8
79F7,23AD
79FA,11A3
7A04,99F2
7A21,95B8
7A24,4ED8
7A33,2570
7A3A,52DA
7A45,53FC
7A48,E3B6
7A4F,01F6
7A62,E129
7A63,E3B5
7A6A,51C4
7A6E,B152
7A76,6C1D
7A78,6D09
7A7C,9759
7A81,0793
7A85,C2FA
7A87,CAF9
7A8A,C2F5
7A8B,0CCA
7A8E,C898
7A8F,0CC5
7A93,8477
7A9A,CF43
7A9C,B4B2
7AA0,CAF5
7AA8,5D9A
7AB8,6EA7
7AC0,8192
7AC4,9356
7AC5,8F6E
7AC9,40C2
7ACA,C042
7ACF,E128
7AD0,C087
7ADB,F23A
7ADC,F90A
7AE1,D56A
7AE9,2E05
7AF9,B340
7B0F,FC14
7B14,2FF7
7B1C,208C
7B1D,B66A
7B20,7626
7B21,6C44
7B22,875B
7B2D,74B9
7B34,5C9B
7B36,041B
7B3C,57DB
7B42,CF63
7B44,C1F3
7B4B,CFCA
7B56,F47B
7B58,FFE4
7B59,B69F
7B5E,8619
7B60,543C
7B7C,8EAB
7B87,0539
7B89,4B45
7B8C,87BB
7B98,21BE
7B9E,B597
7BA0,0535
7BA4,8C2D
7BB3,F7A2
7BB5,DBD8
7BB8,F7A4
7BB9,2B33
7BBF,F7B1
7BC1,604F
7BC2,83D8
7BC6,EA31
7BC7,1BD0
7BCB,8F50
7BCF,8023
7BD0,5517
7BD2,5060
7BD3,5020
7BD7,5512
7BDB,50B8
7BEE,AB9F
7BF7,662E
7BFC,F1A4
7BFF,F74C
7C01,3DA2
7C09,C0AF
7C0C,ACA5
7C0F,3D57
7C10,AFE2
7C12,9EDD
7C16,8A22
7C18,3E51
7C1A,AF77
7C1F,2421
7C27,EB98
7C28,773E
7C30,0465
7C32,0BB3
7C37,55DB
7C45,8A80
7C47,C868
7C4D,C9CA
7C54,242B
7C58,BCB5
7C5F,24B7
7C68,8A8B
7C6E,B1B3
7C71,DE67
7C74,9D8B
7C7F,DDF7
7C84,C66E
7C8E,C59C
7C9F,2B22
7CA6,86F4
7CA9,9E88
7CAC,86B1
7CAD,BCBD
7CB7,B145
7CBA,BF7F
7CBC,B7BF
7CC6,8A23
7CCF,892C
7CDC,5264
7CE6,AF57
7CE8,AC06
7CEB,1D0D
7CF4,67F0
7CF5,B0EA
7D04,AE35
7D09,2334
7D0B,AE1F
7D11,AD33
7D18,4BBA
7D28,856A
7D31,FB94
7D32,FBD2
7D38,C5D6
7D39,5F26
7D3D,5128
7D3F,C5D3
7D47,83B6
7D4A,48B1
7D4B,55CF
7D54,7DA8
7D58,AE06
7D5B,5B80
7D6A,4284
7D6C,46BF
7D74,AD58
7D7F,AE43
7D80,4884
7D8B,56C0
7D91,E52F
7D92,7EA5
7D95,3F33
7D9E,EACA
7DA0,42B1
7DA5,C399
7DA6,81C6
7DA9,805F
7DAE,717E
7DB3,37E6
7DBB,5486
7DC2,7CEF
7DC6,7154
7DCA,8962
7DD0,C894
7DE0,1FE8
7DE3,AD08
7DE6,F311
7DEA,F7AD
7DF2,AE53
7DF6,3300
7E00,6BC6
7E06,BB28
7E07,99F1
7E0C,810F
7E10,26E6
7E1D,E087
7E24,B326
7E27,2A58
7E28,486A
7E29,934A
7E2E,BD48
7E37,F218
7E3C,C3D1
7E40,5EC5
7E43,CA69
7E45,07C5
7E48,C869
7E4F,8A8F
7E50,6E36
7E61,82B6
7E62,B17E
7E66,BDE0
7E72,6003
7E7E,DC0A
7E82,4FB2
7E89,E08F
7E90,96B6
7E9E,4EB9
7E9F,9DEA
7EA3,516C
7EA5,00C6
7EAA,03C6
7EB2,B310
7EBF,BC5D
7EC2,B1E1
7EC7,22E9
7EC8,A17F
7ECF,B1D6
7EDA,F513
7EDE,F508
7EE0,BBC6
7EE5,D9F1
7EE8,2EA6
7EEE,96D9
7F11,3E7C
7F24,85C2
7F25,459C
7F31,0BD8
7F32,0B20
7F36,562D
7F37,55BD
7F38,552E
7F42,C89C
7F45,C8F8
7F49,C263
7F4D,C9F3
7F4E,8280
7F50,60CE
7F53,6CF5
7F54,8626
7F5B,9DCB
7F5C,DEFB
7F5E,88D2
7F61,C2FB
7F65,C2CA
7F68,CACD
7F69,88D3
7F87,C5FD
7F8D,C5CC
7F91,3D4E
7FA6,86CB
7FA9,9ED5
7FB2,85D0
7FBF,2BBE
7FC9,8AC0
7FCA,A040
7FD4,5221
7FD9,5860
7FDB,598D
7FDF,592D
7FE0,AF5E
7FE9,71A2
7FF2,B7B0
7FF6,6F19
800E,1E25
800F,84A5
8011,F8A6
8017,724B
8018,C4EF
801D,7211
8028,67A5
8029,B95D
802B,5181
802C,6104
802F,518B
8037,69AD
803A,621D
8048,CC10
8053,2A06
805F,DF76
8065,4754
8074,4D6F
807B,9039
8083,C334
8085,DA35
808D,9A76
8094,8BA3
809A,1475
80B2,E06A
80B4,6E70
80B5,7557
80B8,8BA5
80B9,4307
80BB,6E40
80C3,DE54
80C5,B574
80D5,DB33
80D7,6211
80ED,73DB
80F3,5ED3
80F9,43AB
80FC,0F88
8102,B8D1
8103,C917
810A,A915
810C,C90E
810D,7953
810F,BA22
8110,3409
8118,A209
811B,7FB9
811E,765D
8127,650D
812F,4F4A
813A,6637
8144,E2EF
8166,D617
8168,7A27
816C,48E1
816D,EC77
8173,5F4A
8178,5FA6
817C,5179
8181,D63B
818E,994B
8190,794F
8192,8AEE
8194,B2BE
8195,7970
8197,A2AA
819E,71B3
81A3,B958
81AA,4C51
81B8,B9D1
81CC,78B1
81CD,BA3F
81CE,B830
81D3,AAF1
81D8,A8F2
81DB,4952
81DC,7AB2
81E1,A936
81ED,75E7
81F2,78FC
81F6,BA13
81FF,7ACE
820E,28A9
8218,AA35
821A,C45A
821B,7088
821D,D6B0
8220,DE7E
8221,623A
8224,4156
8231,6919
823E,DD7E
8243,12F0
8244,E248
8246,C13D
8249,C037
824E,808D
8257,D6BF
825A,8B08
825D,EC63
825E,BE33
8272,40A9
8277,5E20
8284,D537
828D,8C8A
828F,D23D
8297,F8EA
8298,C93C
829C,C912
82A0,0E82
82A1,414A
82A4,9871
82A6,FD3E
82C0,60ED
82CA,6147
82CE,B1A1
82D1,AAFE
82D4,494C
82DB,4277
82E2,7A16
82E6,6BBF
82ED,84AA
82EE,D580
82F5,0189
82FF,A8B1
8307,0C55
8308,01A5
831C,0547
8325,531B
8331,51A3
8332,4F10
834C,E741
834E,9A77
8353,E80D
8354,79A4
8356,77C3
8360,EE15
8362,EC57
8370,34E4
8372,8A0A
8379,14AE
837C,C256
8382,EC12
8387,EF76
838B,9877
838E,EF31
839C,087D
83A9,E058
83AC,B973
83AE,4D57
83C0,0D3F
83CE,47EC
83D2,413F
83D4,9B49
83E2,E507
83E8,0155
83EA,5DA0
83EC,0851
83FA,A656
83FF,79AE
8403,A933
8409,7F8C
8413,3439
841E,1BE3
8422,9458
8424,ED56
8428,661C
842A,DB38
842B,B61B
842E,EEE0
8430,9B40
8435,6532
843C,D4A8
843D,ED7A
8443,9632
8445,981F
844D,EF49
845B,47AC
845C,778D
8467,4F7C
846A,4147
846F,D63E
8471,5C5D
8474,6671
847E,6572
8480,D90E
8485,B432
848B,EF4D
8490,AA1D
8492,78E3
8499,725D
849A,A23B
84B2,B833
84B5,71BD
84B8,7FB8
84C4,B853
84D3,6A30
84DA,691D
84DB,417A
84E1,A511
84E9,7631
84EE,778E
84F4,4F08
84FB,41AA
84FF,684F
8500,0F53
8502,E201
8510,0FEF
8513,0201
8518,0A5B
8539,415A
853F,7A24
8551,E5A4
855C,12C7
8562,E910
8563,40E9
856A,94E6
8573,C853
8577,C956
8578,F478
8583,0A10
8586,9554
85A2,E2E3
85AB,1A83
85CE,ED1F
85DB,BAE6
85E3,025E
85E8,0A47
85E9,E20B
85EF,15C7
85F7,C278
85FF,2406
860C,8974
8618,A819
861B,8AEC
8622,78DE
8628,6836
862F,4852
8636,607D
863B,A2FC
863C,A86E
863D,637D
8643,D807
8648,D60D
864A,8CE3
864B,D51D
864D,FD3C
864E,CC38
8652,4202
865E,EC95
865F,78CE
8660,5785
8662,E255
8664,964B
8665,0E84
8666,8CD0
8669,8FDB
8675,0165
8695,F6E8
8697,FA79
86A6,8344
86B5,25AA
86B9,E166
86BA,D680
86BB,B218
86BD,BE13
86BF,43AF
86C0,677A
86C6,B700
86CE,EEFC
86D1,62A9
86D3,B27F
86D6,0D82
86DE,6C48
86E7,FA5F
86EC,8242
86EF,BA87
86F0,076F
86F5,5E90
86FD,D775
86FF,400A
8700,5D43
8702,20E1
8709,BB38
870D,ECA0
870E,EC0F
8717,0756
8719,6B7F
871F,2CF5
8723,0D22
8724,EE62
872A,5CAE
872D,B677
872F,EE6C
8732,ED61
8739,4CEC
8750,4D05
875B,2C69
876C,4164
876E,E01F
877D,1B04
8783,FEFC
8785,5E3C
8789,4DEC
878D,4D5E
878E,9AE1
8798,8DB1
87B5,9613
87B6,3EB1
87BA,E7A0
87BD,14A7
87C6,4F34
87C7,510D
87CF,4F67
87D9,B2E4
87DE,405D
87E0,07AF
87E5,0C49
87E9,E7A6
87F0,A543
87F8,F0BE
87FB,8D92
8803,0A04
8810,CEC9
8818,0A7D
8824,B9E6
882D,4F64
8833,59A7
883A,5364
8847,8FB4
8857,8D7E
8869,8FDD
886A,DD72
8879,8D9E
887B,6885
887E,8E99
8880,2EB1
8881,0AA3
8888,EC44
888A,C19C
8893,5B5D
8895,F7C6
889D,8D28
88A6,8151
88A8,B879
88AC,798E
88B3,4B0D
88B9,8D94
88BA,274A
88BE,2C3A
88C4,4FEA
88CB,4158
88D8,5F09
88E1,02A2
88E5,CD97
88EF,3584
8906,14E9
890C,C21E
891D,7810
8922,7ADE
8923,7884
8928,6809
892F,484E
8930,D41F
8936,B94F
893B,72B1
8945,DA11
894D,BB7B
8950,1E26
8953,8857
8956,6840
8959,4F00
8973,585E
8977,50E0
897E,EEA6
8981,39F0
8985,D212
8989,E154
898D,9241
898F,12BF
8995,A5AD
8998,A8A9
89A1,4A54
89A8,B8E9
89B4,627F
89B5,75ED
89BA,1DD6
89BC,B2D1
89BE,D47F
89C5,B54B
89CF,B959
89D6,EDE6
89E6,7025
89E7,7940
89EE,1B59
89F8,5158
8A03,064E
8A07,FF6E
8A11,09ED
8A1A,CDF6
8A1B,AB81
8A21,5136
8A25,5C8A
8A28,5035
8A29,BC13
8A33,5018
8A35,0DBE
8A41,0830
8A42,1883
8A45,CFCD
8A49,8F7C
8A4B,E915
8A52,2B05
8A62,1AD0
8A6D,80C1
8A70,CD96
8A72,85AD
8A80,C763
8A83,0C1D
8A8A,FEF2
8A8B,E13B
8A8E,2E7E
8A97,CDC2
8A99,20DE
8A9E,2F52
8AAB,E711
8AAD,2DF2
8AC4,7222
8ACC,5912
8AD5,508C
8AD9,6F71
8ADF,78BC
8AEC,0AE4
8AEE,2C78
8AF3,CA43
8AF5,CEBE
8AF8,C850
8AFD,2F97
8B01,F2E9
8B14,2500
8B17,7641
8B1A,A6AE
8B1D,7C87
8B1E,75EE
8B21,DE52
8B22,B703
8B27,65A7
8B2E,47E2
8B3C,67E3
8B40,9A1F
8B44,802B
8B48,8311
8B51,25A0
8B59,ED03
8B5F,D74F
8B67,41E4
8B6D,E149
8B74,BE38
8B7B,EC90
8B7C,5EB3
8B82,2DD1
8B8E,9974
8B92,22A6
8B99,795D
8BA4,2D42
8BA8,47F8
8BBB,E169
8BC1,6F51
8BC3,6FA1
8BCB,BF07
8BCD,B934
8BCE,B21B
8BD2,61EB
8BD4,40CD
8BD5,6934
8BD6,BA44
8BD7,B97B
8BEC,C443
8BEE,1EDF
8BF6,B91C
8C01,055C
8C07,5D00
8C0B,E20D
8C0C,08A1
8C14,E000
8C1B,D240
8C1D,D57F
8C22,9BE5
8C2F,4C1B
8C37,ED70
8C40,EF7F
8C47,0FA9
8C48,E372
8C51,E008
8C62,98E2
8C66,9279
8C6D,E31F
8C70,A6A6
8C71,AAEE
8C75,347D
8C79,1BAD
8C86,9A4C
8C89,4D31
8C8E,BB7E
8C91,02ED
8C92,E2AB
8C95,5D7A
8CAB,4E11
8CAD,4D32
8CC2,43E3
8CCA,513B
8CCB,B943
8CCE,B8E4
8CDD,413B
8CDE,401B
8CE6,6445
8CEF,DA4F
8CF5,3B4E
8CF9,3E82
8CFD,76AA
8D01,1B7F
8D07,794B
8D1A,AA1B
8D25,683D
8D28,DB36
8D4B,6B1D
8D5D,B937
8D62,EC54
8D7B,6875
8D7C,53E0
8D83,D6A7
8D84,E07D
8D89,E34A
8D8C,92EE
8D8E,EF4C
8D97,A81D
8D99,7FDB
8D9D,1B53
8DA7,B911
8DB2,4FA5
8DCC,6815
8DD5,9B70
8DD8,B644
8DE0,7674
8DE5,A90D
8DEE,143F
8DF0,5701
8DFB,654B
8DFE,DB75
8E00,5EEA
8E06,4D06
8E07,5D73
8E09,4D0F
8E0C,FFCE
8E0F,8DD9
8E14,8E4A
8E16,4E03
8E1F,20F2
8E22,B01C
8E39,41ED
8E3E,EDE8
8E40,0012
8E41,2EB2
8E4F,8C2A
8E53,2027
8E5B,F072
8E5F,F042
8E66,4DEE
8E6D,9A4E
8E74,8E96
8E7E,75A6
8E85,0F1F
8E86,98E6
8E89,EFE9
8E8F,80EB
8E91,8DB6
8E99,6470
8EA4,8CC0
8EA8,BC38
8EA9,E358
8EAB,817C
8EAD,9978
8EBB,CD76
8EBF,279F
8EC5,5C0C
8ECE,EE10
8ED2,439B
8ED3,5CD3
8ED9,435D
8EE8,CEFA
8EED,BB1A
8EF1,FC26
8EFC,F08E
8F01,0657
8F03,0677
8F0A,06ED
8F15,0150
8F1E,E300
8F28,5109
8F2C,4076
8F31,5F36
8F36,B651
8F37,0E18
8F3A,5C3B
8F3B,40EA
8F43,0838
8F47,070E
8F4E,ECEC
8F57,9238
8F5B,860D
8F5C,7BCD
8F5D,79A7
8F5F,66B4
8F6A,4053
8F6B,E215
8F7E,73FC
8F7F,B6CC
8F84,92E4
8F86,B451
8F8A,5D34
8F92,E502
8FA6,B447
8FAA,4C5C
8FB1,E5A2
8FB4,8203
8FB9,B9C9
8FBA,E6A1
8FBB,89AA
8FD0,5133
8FD5,5F1A
8FDA,5F15
8FEC,0A7C
8FF3,CA48
8FF6,B9C8
900A,FB1E
900F,365B
9017,885C
9019,AAB4
901C,2200
9027,4851
902E,7BC5
9030,76FF
9044,A118
904F,AFA9
9059,78CC
9063,7046
9067,3AF6
9079,5851
907E,0454
9084,A11F
9086,198F
908A,38C6
9098,3181
90A4,711F
90AE,15D8
90B8,F89B
90BA,047E
90BD,45A0
90C1,8AC8
90C2,8357
90CA,46E0
90D1,B166
90E5,C83B
90F1,F2D4
90FB,F82C
9110,1FCD
9112,6DB1
9113,740E
9126,E4BA
9128,DDD0
912A,678C
9138,6C2E
913B,BC6E
913C,BC6C
913F,6CDE
9142,717B
9147,AF10
914C,A034
9151,F927
9152,9FCE
9161,A137
916A,A338
9175,F9B7
9176,CB2C
9178,CB2E
9182,3EA3
9184,1E40
9189,3DA8
9191,3186
9196,286C
91A7,A73B
91AF,45BE
91B0,F6BC
91D8,B09D
91E0,A45C
91E2,3A52
91E5,3947
91E8,AB5E
91EF,ABEE
91F9,F262
920E,FA50
9213,2414
9217,1804
9223,E477
9224,4BEF
9231,349E
9237,B099
9238,A69A
923A,61D9
923D,B098
923F,34C4
9249,8342
924E,C3AE
924F,32FA
9253,0452
9257,F58D
9264,19C6
9270,F62C
9273,0B52
9279,F8D4
927E,F891
927F,0457
9284,15B0
928F,35F8
9295,2203
9297,9AF3
929A,D8B0
92A0,AF18
92B0,01B8
92B4,A881
92B7,0123
92B8,5A5B
92BC,520B
92BF,4907
92C5,5FB2
92C7,61E2
92CA,6F4E
92DD,BF0E
92E2,C533
92F1,59A1
92F7,0323
92FA,00D8
9304,54CF
930A,EABF
930E,0AC0
9317,272C
9318,4BF5
931E,1F38
9320,2B6A
9321,618B
9325,6380
932A,63B0
932D,482A
9332,C92B
9334,FB83
9337,C8DF
933A,CA95
933C,C2D4
934C,48BB
9354,AE45
9360,0B99
9362,7347
9363,566C
936C,488B
937A,F76B
937D,F3D7
9389,49B0
938A,5A9A
9391,E528
939A,E2D3
939D,E895
93A0,EB86
93A5,5268
93A8,E4BF
93B3,0596
93BC,54DF
93C9,71EF
93E1,059A
93EA,F76D
93ED,F1C1
93FA,0ADF
9400,3554
9407,3801
940A,35A2
940F,32EA
941C,190E
9421,6C87
9425,C6BB
9426,4621
9428,6CD2
942E,E4D5
9438,DD95
9442,7F7B
9446,A038
944F,AF37
9451,C492
9459,D081
945C,C4D1
9467,734F
946D,703F
9474,C462
9477,CBDB
9480,3D09
9484,7742
9486,AC37
9491,31B5
9493,1209
9496,2592
949D,9CCE
949F,229F
94A2,1E30
94A5,ACAC
94A8,1E4F
94AA,7C71
94B3,F8D5
94B5,F622
94B7,F294
94B9,2562
94C4,70ED
94C7,6FD0
94C9,48DF
94D5,BF90
94D7,6195
94DB,BF6D
94F3,F22F
9502,E5BF
950B,5498
950C,5BCA
950F,4486
9514,AE76
9517,232C
9523,BFF7
9540,0BF6
954C,58FD
9553,54D8
9554,1C39
955E,111A
9563,56F1
9567,52F8
957F,5490
9587,5AC3
9588,0BCA
9590,13EF
9597,2CDD
9599,F37B
959F,3745
95A4,7C54
95AE,7CEB
95B2,1C1A
95B4,E665
95B8,5B29
95BB,449F
95C1,2460
95CC,896B
95CD,45FB
95CF,7C7E
95D4,C561
95DA,C68C
95DF,FBD0
95E1,05C5
95E2,4BB0
95E9,218B
95EE,E8BF
95FB,5B65
9608,C5AA
960B,C530
9613,B28C
9618,8610
962F,E8E6
9630,B399
9636,61A2
9638,76D8
9639,B102
963C,72DD
9640,A316
9646,A1A9
9647,8131
964C,1A29
964E,7F45
9650,F88D
9654,A680
9655,0FD8
9666,7159
9671,5A0B
9676,0F90
9677,0383
9678,5555
9687,8F12
9692,78CD
9695,11CC
96AB,E978
96B9,911A
96BA,F5B7
96C5,63D5
96D1,762A
96D3,346C
96DC,782D
96DE,6F66
9702,F76E
9705,0A4C
9710,74C9
9711,8D47
9712,8E1D
971F,8D91
9727,4653
9728,BFC9
972C,8898
9732,C289
973C,CAD6
9743,8082
9744,C1FE
9746,081F
9748,8084
975E,86A6
975F,8D67
9767,0835
976B,8F77
976D,1888
9777,FB4D
9779,C5E5
977D,FB7C
9782,58C8
9786,0630
978C,4AB6
978E,5403
9796,2B08
97A0,0610
97B8,FCD1
97C7,722B
97D2,5062
97D4,53BE
97E3,8D81
97E8,FF67
97F2,FC62
97F6,C6EE
97F8,F724
9803,0506
980D,FF9C
9811,3AB2
9816,2797
9828,4610
982B,EAE9
982E,7379
9840,58F6
9845,5AF6
984A,59C8
9850,F08D
9851,C601
9854,65B5
9856,2392
986A,5AFA
9871,C5A4
987F,F4E3
9884,5413
9889,81B2
9891,E5AF
989F,B6F9
98A0,58C9
98A4,7483
98A5,C1F1
98A9,81E2
98B0,F02D
98B8,C5A6
98BD,2F91
98C1,E4EE
98C9,814C
98CB,E55A
98CC,4834
98D0,C8D9
98D3,0BA7
98DE,C965
98E4,5478
98E5,F3C4
98ED,F76C
98F5,CEDD
98F9,FC24
98FC,FB55
98FE,CD6B
9906,395B
990B,3AA2
990F,3AE2
9918,74A4
9920,86FD
9924,1E15
9925,6F25
9928,86C7
992E,1E36
9933,632D
9935,61D8
9936,6190
993F,6364
9944,7741
9949,A008
994A,7734
994D,1D7F
994E,7C44
9953,FA29
9957,F68E
9962,7FE7
996E,46D4
997A,F527
9981,A01B
9984,A70C
9989,A303
998B,7F44
999B,8B97
99A2,715D
99A4,77EC
99A8,3E15
99A9,73E3
99AA,A01A
99AD,4ADF
99CA,2BC8
99CE,EBB9
99D4,6C94
99DA,B767
99DB,DD90
99DE,6C6B
99E0,3A4D
99E5,3857
99E9,38E2
99F2,F2D6
99F3,CB27
99FA,C48C
9A02,5B02
9A04,0A4E
9A07,F7C2
9A0B,5B4C
9A0D,F7FE
9A11,36B5
9A18,16C9
9A22,16DF
9A23,E414
9A28,1BD2
9A2B,1620
9A2C,4630
9A2D,7149
9A2F,E553
9A31,0BAE
9A32,5533
9A37,CAB9
9A3A,C2DA
9A3C,EB74
9A41,02A8
9A46,CFF2
9A47,C0C2
9A4F,0236
9A55,FFBD
9A5A,FFDD
9A5B,D4BB
9A5E,2F9B
9A60,CFFC
9A6F,E235
9A7C,FBEB
9A7D,CE8C
9A86,5ACF
9A8E,5898
9A8F,0615
9A93,44A7
9A9E,FC41
9AA4,E5E3
9AA7,5AC9
9AA9,73E5
9AAC,E64F
9AAF,E53F
9AB4,D4B0
9ABB,6684
9ABE,211E
9ACF,E258
9AD0,5087
9AD1,59AC
9AE1,06AF
9AE5,FFF7
9AE7,CEFD
9AEC,05E6
9AED,CDCD
9AF7,F72E
9B05,C237
9B07,C911
9B0D,C91D
9B0F,F8E8
9B13,160D
9B14,2264
9B1F,2691
9B21,6FB9
9B25,E44E
9B27,4650
9B28,602F
9B29,15C5
9B2E,E573
9B3E,A663
9B4C,C1A7
9B4D,32C6
9B51,F564
9B53,F5D4
9B64,8332
9B67,32C8
9B69,E956
9B78,F264
9B81,A00A
9B82,A116
9B86,35F3
9B94,9138
9B97,B22B
9BA9,7B23
9BC2,83D1
9BCD,19F5
9BD0,7ACB
9BD4,B10E
9BD5,72FB
9BD6,AAC1
9BD8,BF01
9BDE,78D7
9BEC,35EB
9BF0,5A4D
9BF7,595C
9BFD,5A7C
9C0E,F1CD
9C1C,4BCF
9C1D,1113
9C31,C592
9C38,FB6F
9C39,F489
9C3A,C691
9C4B,59FD
9C4F,59FB
9C50,0995
9C5E,E860
9C60,49BF
9C64,737C
9C65,4980
9C67,529A
9C70,0A6F
9C79,09B3
9C7E,0260
9C7F,06D9
9C8D,56FD
9C92,4B6F
9CA9,1E78
9CB0,F72B
9CBB,3C75
9CBD,FC4B
9CC5,899A
9CCA,60BF
9CD5,CA20
9CE1,0698
9CEB,06FA
9CF0,F7DB
9CF1,0590
9CF2,0660
9CF8,0525
9D12,9FF9
9D28,F480
9D2F,4ADB
9D3E,9E6A
9D3F,632C
9D46,ACAD
9D47,71E8
9D4F,A70E
9D52,93C8
9D55,F261
9D75,F894
9D82,AFAD
9D84,3E10
9D88,1DE8
9D93,30B2
9D98,3082
9D9C,1A0A
9DA4,1E10
9DB0,FA9B
9DB1,F924
9DBD,299D
9DC3,DDB3
9DC7,C280
9DD2,B367
9DD4,DD23
9DDD,DE28
9DE6,38EE
9DF5,CB6B
9DF9,F28E
9DFE,FAD7
9E07,0A77
9E0B,FFCB
9E10,E606
9E1D,2BAA
9E2D,EA36
9E32,50D2
9E34,C288
9E3C,53D1
9E45,0515
9E62,817E
9E66,74D0
9E7C,F3D1
9E7F,F1DE
9EA0,5438
9EA2,8FE2
9EAD,E2EA
9EB4,2F9C
9EB7,F448
9ECC,419E
9ED5,0B14
9EE7,5B7E
9EE8,20BB
9EEF,F3F2
9EF4,F0D7
9EF6,C55F
9EFF,CE21
9F05,F1F7
9F0A,F1F4
9F10,10E0
9F19,314F
9F1A,1343
9F1D,3F75
9F29,777D
9F32,FB20
9F33,FBB8
9F35,F4BA
9F3F,C5DE
9F4D,59F3
9F55,098A
9F5A,092A
9F60,59F8
9F69,48D3
9F6B,707C
9F74,5B9F
9F8A,04F5
9F8B,56FE
9F8E,0B98
9F92,E593
9F94,3C4F
9F96,2167
9F97,215B
9FA4,EBD3
9FAD,777C
9FB1,542A
9FC4,707D
9FC6,48FF
9FC8,8864
9FC9,4AC0
9FD5,C8B8
9FD8,CABD
9FDF,C92D
9FE4,5499
9FEA,0AFF
9FEC,05F9
9FED,08F3
9FFB,06B3
9FFF,06D3
A00E,D46D
A013,D28E
A021,C340
A028,2E6A
A02F,402A
A030,CB39
A037,CB1E
A03B,C323
A03D,CB0C
A03E,2645
A03F,C3D3
A040,5EF6
A04B,0ECF
A04D,5E6A
A04F,4781
A061,EDB6
A065,07C6
A06D,4D28
A06E,ECDA
A074,DF5C
A07D,A5D1
A081,509A
A086,0F9E
A087,5ECE
A089,EFB2
A09B,4EFD
A0AA,5DF1
A0AE,9CE6
A0B5,3BBD
A0B6,7696
A0C2,B1EF
A0D1,FDD5
A0EC,9294
A0F2,D35E
A0F4,DF7C
A0F7,1468
A10A,D2DD
A10C,3C23
A11A,31B3
A11C,7B3A
A124,24C1
A126,88F1
A131,56DA
A13F,042D
A15C,D7D9
A168,F4FC
A16C,F4C2
A170,D123
A17A,DF2A
A17C,9799
A17E,D0D0
A181,C6F5
A182,85B5
A184,C598
A18F,FBC1
A192,F580
A1A4,8629
A1A6,8AF2
A1AD,BFBE
A1B8,D72A
A1C0,8365
A1C9,4FCF
A1E4,AE9F
A1EE,3F60
A1F9,D15B
A1FD,DC5D
A1FE,D1A1
A202,666E
A205,9297
A206,D6DE
A215,CB71
A21C,8578
A21D,9F07
A224,4DDA
A225,879C
A228,9626
A233,267F
A23B,F63A
A23F,F635
A246,5FF0
A24C,006C
A24E,4180
A258,A6D5
A25E,EFCD
A266,40F0
A268,4DB1
A272,A629
A276,6D7D
A287,57FD
A289,EEB5
A28B,0CF9
A28C,E7B6
A295,F642
A299,0782
A2A9,9EE5
A2AC,E786
A2B2,453E
A2B5,D3EC
A2B6,07B2
A2B7,D77E
A2B8,A594
A2BD,970E
A2C4,BDE1
A2D0,C08A
A2D2,CB0E
A2D5,C3B8
A2E9,9A64
A2EB,94FB
A2EC,9B2D
A311,3088
A31A,31BE
A31B,2AF9
A31D,28C7
A31F,28F9
A320,C282
A325,634A
A328,C5B5
A336,6358
A339,B0AF
A33C,BC95
A33E,B19E
A342,A710
A34A,7157
A352,9196
A359,9762
A361,AC0A
A362,7710
A364,4688
A368,7746
A369,811F
A37B,DF88
A38A,C0A9
A391,743E
A396,9F64
A3A0,A3A7
A3A2,1EEE
A3A5,8346
A3AA,8046
A3B4,FA82
A3C7,53B5
A3C9,83E9
A3D8,6796
A3D9,B30A
A3DB,6728
A3DC,BC6F
A3E4,1F9E
A3E7,1194
A3EE,1067
A3F4,D08E
A3F7,9161
A3F8,DF61
A402,3C60
A404,7D63
A406,D6DD
A407,D26B
A40A,D564
A40E,989C
A416,28C3
A41B,9C9F
A41D,9390
A420,703E
A424,86DA
A428,1D1D
A432,5689
A439,58BE
A43D,5ABC
A440,40B6
A44F,F4C4
A454,26C9
A460,4086
A469,4F29
A46C,C69A
A472,6D29
A47C,9796
A47D,D3D8
A47E,D3D0
A484,FB9C
A48B,F4FD
A490,F871
A4A4,242D
A4A6,8AF1
A4B6,0CB4
A4C0,8398
A4C7,8F19
A4CF,2B2E
A4D2,0B62
A4D3,0B22
A4F1,DC90
A4FA,D704
A4FC,6D95
A504,AD94
A506,1091
A50F,1F62
A511,30D5
A513,31D6
A518,7417
A521,6C20
A531,DDDC
A537,B00A
A538,B799
A53C,9D9E
A545,AF31
A54F,ACA9
A55A,D787
A55C,D128
A55F,29C8
A561,3D11
A563,3E3D
A565,A017
A567,C336
A568,A739
A569,8FEA
A56D,4822
A570,909D
A57A,DCDC
A57C,936A
A589,C1A9
A596,BD9C
A597,1617
A5A6,812F
A5AF,4520
A5BE,84F7
A5C3,67D5
A5C5,6122
A5C7,4FF9
A5D8,6729
A5E6,3192
A5E7,1C9E
A5EC,136A
A5EE,7D6B
A5F0,D02D
A60A,BB67
A616,0784
A61E,900D
A622,9F54
A62E,9E79
A649,4F85
A64D,0E6A
A650,D0ED
A657,D75E
A65E,BD04
A65F,0B40
A664,4DCF
A665,57CB
A66C,EFB1
A673,346F
A689,41B0
A68E,4CBB
A6A3,0F6C
A6A6,4323
A6AD,40D8
A6B3,3BDB
A6C6,B747
A6C7,8F95
A6C8,B488
A6CE,EEF6
A6D2,FA1E
A6D7,C38A
A6DA,CC8C
A6E9,9262
A6F2,3B23
A6F4,A688
A6FF,349B
A701,D290
A70D,BAC1
A70F,D22A
A711,3CBD
A712,976B
A715,244E
A719,1B97
A71F,26CC
A725,EB7C
A72A,3BCC
A72C,0E8F
A736,3BC1
A739,75DA
A73B,BC0D
A74D,ABF2
A750,3B8E
A768,C0AA
A769,EAE2
A778,D16B
A77E,A5D0
A785,74F6
A78F,CC37
A792,E0F8
A796,5244
A79A,6ACC
A79C,D2D0
A79F,E3C3
A7A6,E679
A7A7,35F6
A7A8,2D45
A7A9,7428
A7AB,8C34
A7BB,9308
A7BE,7291
A7BF,03BF
A7C1,6F7A
A7CE,7BC4
A7E0,D4C2
A7E6,D4F2
A7EB,1C6D
A7F5,726D
A7F9,A22B
A7FF,D348
A800,332D
A809,9295
A80E,3C6B
A811,68CC
A81B,483D
A81C,8A51
A822,1ADC
A82D,838A
A83A,6FE8
A83B,34C0
A84E,8C44
A86D,2D2F
A86F,1629
A870,939D
A873,A89B
A874,A523
A879,D000
A882,AB6E
A888,7B29
A88C,1927
A892,786B
A89B,EB17
A8A7,C010
A8AA,C01A
A8AB,EA7E
A8BA,DC2C
A8BB,5540
A8BE,26F7
A8BF,1B62
A8C0,6CEB
A8C5,DEE5
A8CE,2EB9
A8D0,DE59
A8D4,A5F5
A8D8,A599
A8DF,1B2C
A8E5,D9D8
A8E8,B6D8
A8EB,68F4
A8F0,D32D
A8F3,3461
A8F4,A583
A8FD,D121
A8FE,DCD4
A900,3FD8
A907,989D
A90D,3F90
A90F,7E9F
A917,281C
A918,1639
A91A,D8D4
A932,55D0
A937,CF88
A93B,0B61
A93E,5AD1
A94C,C5CA
A95D,ECF7
A972,6E60
A973,6DD8
A975,D35D
A97C,9C93
A97D,DCE4
A987,5FC8
A991,7B18
A992,BE9A
A995,3F20
A998,3CD6
A9B0,D08A
A9B1,DC28
A9B7,D3ED
A9C8,1D37
A9E2,7D60
A9E4,1C66
A9E9,9891
A9EA,D52D
A9F1,976A
A9F3,D729
AA0A,D92A
AA11,D4C7
AA19,976D
AA20,DE5F
AA25,5781
AA2B,1628
AA2E,8C8C
AA34,3B9C
AA39,9E05
AA3B,14FB
AA3C,1B2D
AA51,3B22
AA55,D1D7
AA5A,D1B7
AA5B,1B6C
AA5E,22CD
AA68,AB97
AA6C,1AB1
AA72,A5D3
AA81,356A
AA83,15DA
AA89,FDA8
AA8D,CC1B
AA91,69FD
AA92,4237
AA99,0380
AAA1,168F
AAA2,74C6
AAA3,3698
AAA5,FD35
AAA7,C73B
AAAA,FD3A
AAB6,03B0
AAB9,E0F3
AABD,9303
AAC2,EAE1
AACD,833F
AAD3,762E
AAE3,942E
AAE5,116D
AAE7,179D
AAF1,AA64
AAF2,A92B
AB07,66C2
AB0D,B6F2
AB13,C44B
AB18,6B21
AB1C,FA71
AB1F,4DCC
AB2D,BD49
AB33,CC21
AB3F,CCD7
AB42,5F63
AB44,51F3
AB5E,4619
AB5F,5DB4
AB62,40D3
AB69,E0DE
AB84,579C
AB8F,5CFB
ABA7,07C9
ABA8,0D69
ABB2,E7FE
ABB8,D7A4
ABBA,3BB8
ABBC,D3E1
ABC1,C04F
ABC4,BFEF
ABCF,4023
ABD1,C090
ABD8,C025
ABDA,FA31
ABE1,6B64
ABE2,9A9C
ABF9,3BD0
AC04,1098
AC0D,1C97
AC11,AD87
AC12,BE94
AC1D,BD91
AC2C,C58F
AC2D,705E
AC2E,48D1
AC32,B798
AC34,DE91
AC37,BF61
AC5D,BD67
AC63,3EAE
AC69,8F26
AC6C,774F
AC78,DF94
AC7D,6DD7
AC81,3E07
AC94,9366
AC9E,9794
ACA5,A0AE
ACA8,7C45
ACA9,7332
ACAE,4AD2
ACB3,D19F
ACBA,D722
ACC5,5FB6
ACEE,AE91
ACF1,D365
ACF4,DF29
AD00,3F6F
AD01,7D66
AD03,3796
AD0A,1F95
AD0D,3FD3
AD23,A770
AD2A,C176
AD2D,43D9
AD2F,2B27
AD31,0B94
AD33,5595
AD3A,C066
AD46,89B2
AD47,43B6
AD4B,C5CF
AD54,BD98
AD58,6E66
AD5B,CB80
AD5E,9093
AD68,C599
AD71,DC6F
AD7A,D7AB
AD82,24B2
AD8E,C2CE
AD91,1518
AD9B,25F9
ADB8,6ED6
ADBC,6E95
ADC1,EB91
ADC8,AC7F
ADD8,5566
ADDE,582E
ADE2,1C60
ADE6,D82C
ADE7,926B
ADE9,9591
ADEE,1F93
ADF4,6D88
ADF6,D360
ADFC,BD6F
AE00,66FF
AE07,B8CB
AE0B,332C
AE12,900F
AE14,936B
AE1C,2233
AE22,83E8
AE26,4B77
AE27,E4E0
AE28,0EB5
AE2C,4FF3
AE32,BF00
AE35,34FF
AE3A,A6F1
AE41,2DE9
AE43,C7AD
AE4C,81E8
AE4E,16B5
AE55,A8BD
AE60,ABF9
AE76,A221
AE7D,A9D4
AE86,1A82
AEB3,D7DB
AEBC,D0A5
AEBE,EB3C
AEC1,47CC
AEC8,DE4A
AEC9,1AC4
AED7,14FF
AEDA,1BF4
AEDB,DE58
AEE9,B82C
AEEB,D923
AEF5,34DC
AF05,1197
AF06,3CDE
AF0D,1C6E
AF1D,9F67
AF1E,C481
AF1F,FAB1
AF25,C9B2
AF2A,6FBE
AF2B,7C35
AF32,B765
AF3F,DE2C
AF4F,3E3E
AF58,6E8E
AF65,C135
AF7C,BD6C
AF87,7F31
AF8F,3D1D
AF91,3388
AF94,9369
AF97,31D2
AF9E,9797
AFA0,A01E
AFA3,AC35
AFAA,A33C
AFB0,D727
AFB2,29C9
AFB4,9F9F
AFBC,D188
AFBD,976E
AFBE,9392
AFC3,F4B2
AFCC,6CD0
AFD2,6C60
AFD3,BC9A
AFF9,D3D2
B003,CDF0
B004,8E55
B007,004A
B00B,2755
B014,8D73
B017,0FE6
B030,DA5E
B032,2FD6
B03D,DA56
B04F,8DCA
B051,23D9
B055,E006
B058,8DEF
B05F,FF76
B06D,3DB3
B07C,F126
B07E,140F
B086,A02B
B08E,1438
B08F,F356
B095,5D01
B09B,8EF0
B0A1,23D6
B0A8,8E5A
B0AA,E339
B0B3,272A
B0C4,8E83
B0C7,DA06
B0D4,8D4F
B0D5,DA4E
B0E0,0F7E
B0E3,F0F5
B0E8,CDC3
B0EC,238F
B0F5,3BE3
B0F7,A27C
B0FA,A5E2
B0FF,8D95
B100,014E
B10E,EC01
B10F,18C3
B119,DA71
B11C,075B
B11E,4DAB
B12F,0C44
B140,7163
B147,AF60
B14E,7938
B14F,6922
B155,BB37
B15C,951D
B15F,AFB5
B16A,E71E
B16F,6987
B170,A6AB
B17B,7A05
B17F,7FC8
B185,7C6D
B187,1E98
B18A,ACDD
B18D,7537
B18F,A0D5
B1A0,EF37
B1A3,96A1
B1A6,ACBD
B1A8,E137
B1AA,4D1C
B1B5,961E
B1B6,A0BF
B1BC,EA0F
B1BD,79AA
B1BE,7203
B1C0,D5A4
B1C2,E833
B1CA,D552
B1CD,950C
B1CE,980E
B1D2,3925
B1D8,3AD3
B1DB,E213
B1E8,07A1
B1EE,9937
B1F0,A843
B1F6,70C3
B1F7,AA00
B1F9,73F8
B1FF,BACE
B209,2178
B20A,F3CF
B213,014D
B21C,077D
B21E,8ED3
B220,F713
B226,27B3
B229,8E53
B22A,CE38
B22E,8ED0
B232,077B
B23B,014B
B23E,FC13
B245,23A8
B251,E107
B257,2C48
B263,1A68
B267,2188
B271,A959
B274,AF8F
B27E,F770
B288,A39F
B291,095A
B29F,E803
B2A2,783A
B2A3,9207
B2B7,21CF
B2D5,F116
B2F7,FF96
B300,340D
B305,A50A
B307,1474
B30A,757F
B315,A63F
B321,37C7
B324,7DD7
B33E,194C
B344,D0CD
B34B,6ECD
B34C,9C27
B354,4FA4
B359,4C00
B363,7B4D
B36C,13C4
B36E,BD84
B372,4A0A
B373,5905
B374,410C
B37D,6575
B382,268E
B397,A638
B398,A231
B3A0,10C4
B3A3,1877
B3AC,17C2
B3B0,7536
B3B5,1B3B
B3B6,47AF
B3B9,EDA4
B3C8,30FD
B3DF,7B47
B3E7,7640
B3EB,B8B9
B406,D945
B412,9A37
B413,0F4D
B41A,0F57
B420,6B7E
B427,6B57
B428,647C
B439,5D41
B43E,647E
B447,A391
B451,EF07
B457,6441
B458,4DAC
B45C,6B7B
B46C,0772
B470,3B00
B476,3EBF
B47A,A5EE
B47D,14AA
B480,3D60
B491,0157
B4A3,9907
B4A6,ACBE
B4AA,0041
B4AC,BB0D
B4BB,7903
B4C0,D8E9
B4C1,D84C
B4C6,0176
B4C7,D278
B4CF,0742
B4D3,D5EE
B4E2,4EAD
B4E3,5E7C
B4E6,DA41
B4EE,6B72
B4F5,A97D
B4FC,A800
B4FD,720D
B502,82E8
B507,C83A
B50A,7942
B513,C208
B535,33CE
B536,1CB1
B537,376E
B539,1254
B540,D0F4
B545,D0C1
B551,8A5A
B552,4900
B558,9B26
B560,1AEB
B56C,9A2A
B571,58E3
B574,EBA6
B577,5956
B57A,5259
B57C,5AE0
B57E,4101
B583,DF10
B5A4,28B7
B5A9,26D2
B5B6,4F02
B5C8,13BB
B5CF,1C2D
B5D3,31CD
B5D7,33C2
B5E6,BAD6
B5E9,82E9
B5EA,C81F
B5EB,B825
B5ED,B8D6
B5F6,41A4
B5FD,BA17
B5FE,B817
B603,0304
B60B,D54B
B60C,0255
B618,037D
B625,F039
B62A,F339
B636,F319
B637,FFA9
B639,23BA
B63F,32B8
B658,D87B
B659,209F
B65B,BAFC
B664,AFD6
B66E,FC55
B676,F346
B67A,FF9F
B683,6994
B691,0747
B694,EC04
B69A,FCC3
B6A1,0875
B6A3,0A75
B6A4,7939
B6A5,20B9
B6AE,2CCA
B6B4,7FFA
B6BC,39BF
B6BD,8E13
B6C1,D65C
B6C2,186F
B6C5,F71A
B6C9,21EA
B6CA,F710
B6CF,92AB
B6D3,D251
B6D8,D6E4
B6DE,CD38
B6E6,2349
B6EB,3A85
B6EC,09E0
B6EE,8DFF
B6F0,F76F
B6F6,2C93
B6FC,CAE1
B6FF,7A0A
B712,6B8F
B719,7788
B71C,F556
B71F,260A
B73A,AEFC
B741,6F3B
B745,91F6
B74D,28D5
B750,76EA
B753,95FA
B765,1128
B767,19E5
B76B,4FBD
B76C,81F7
B771,0CDA
B772,E796
B775,0D47
B784,BC75
B786,BD82
B78F,9D72
B7A2,4CB3
B7A4,9D42
B7AD,8487
B7B4,EF6E
B7B8,B4FC
B7C1,CF51
B7C4,81AD
B7D6,13B5
B7DC,CF5B
B7DF,C0E4
B7E3,F649
B80B,B5BD
B80E,6BB6
B81C,C913
B82B,28EF
B836,C07D
B83A,C151
B83D,C37D
B84A,BCE3
B84B,D7CD
B857,6482
B862,E125
B877,00D2
B878,56E4
B87F,AA85
B88E,4CB8
B88F,D138
B892,B925
B89F,9B2F
B8A1,287A
B8A6,B344
B8A8,13FB
B8C9,8F04
B8CD,87C3
B8CE,2EFC
B8CF,112D
B8D5,C750
B8DE,CC48
B8EC,8240
B8F5,5D9F
B8F7,5ED1
B906,EF0B
B90F,E10B
B916,E30E
B917,0154
B918,035B
B92B,0A70
B93B,39DF
B93C,3860
B940,3EDA
B941,709F
B944,A326
B947,7193
B94F,7239
B967,98A4
B96A,9904
B97C,CAE2
B984,7819
B987,7F60
B98D,A1DF
B997,01E1
B9A4,A845
B9AF,62BE
B9B2,82AE
B9B5,4E0B
B9B7,923C
B9BE,3D8F
B9C5,6BEB
B9C8,D8EB
B9D4,D85B
B9D7,D85E
B9D9,E13C
B9E6,9517
B9EF,18CA
B9F3,A259
B9F7,A873
B9F9,720F
B9FB,70F9
B9FE,1EF9
BA05,C44E
BA0E,840C
BA20,FE7E
BA2C,37FB
BA2E,87F3
BA31,3CCD
BA38,118B
BA3A,FE4E
BA3E,FD7E
BA43,9130
BA48,9F53
BA49,6037
BA53,94B9
BA57,D586
BA5B,45AC
BA5C,B58D
BA65,8107
BA66,601C
BA67,CF81
BA6B,E1B3
BA7B,E409
BA83,97C1
BA85,9D32
BA89,EDBC
BA95,F977
BAA1,1247
BAA4,9381
BAB0,64B1
BAB3,B28A
BAB4,42A0
BAB5,D984
BAB7,8BAE
BABC,8A10
BACB,98F0
BAD6,C14D
BAD9,C047
BAE4,B68C
BAE5,F578
BAF1,5AE3
BAF8,5850
BB04,2329
BB18,CD9A
BB30,6BE2
BB3D,4D1E
BB40,739C
BB55,B41E
BB62,F35F
BB67,EF3A
BB68,23E9
BB70,A502
BB78,F760
BB83,2CAA
BB88,FC00
BB8F,FC50
BB98,2386
BB9E,DA7F
BBA4,FCE0
BBAC,275A
BBB0,9819
BBB6,AFB4
BBB8,2356
BBBB,2169
BBBF,F145
BBC4,2F16
BBC9,E119
BBCF,21BA
BBD6,D8E5
BBDC,2176
BBE0,5D02
BBE9,4D01
BBF0,A27D
BBF5,A947
BC11,A214
BC1A,A636
BC21,3FF7
BC23,3FF4
BC2A,30FC
BC33,ADCB
BC48,912E
BC49,D3FA
BC4A,D3CF
BC54,B83E
BC59,4705
BC62,91B2
BC77,5C5F
BC78,5302
BC8D,2987
BC91,C236
BC99,75E3
BC9B,BA88
BCA3,1FF4
BCA9,2922
BCB4,4805
BCBF,A986
BCCA,3FFA
BCCD,11C6
BCD1,37FE
BCD9,33FA
BCDA,31C9
BCDB,1277
BCDD,1949
BCDE,1879
BCDF,31C7
BCE8,A20E
BCF1,5959
BD07,01E6
BD12,923E
BD13,01EC
BD15,0059
BD16,EFAF
BD1C,0C7E
BD1E,B417
BD23,D877
BD30,6B01
BD31,D852
BD36,D879
BD40,AC94
BD42,A24F
BD4B,A78D
BD51,E7A7
BD52,7200
BD5A,E309
BD60,0074
BD63,5E4B
BD6B,3ED5
BD70,A5E1
BD76,A0BB
BD80,7C94
BD84,3B76
BD87,7391
BD8E,344F
BD94,4D04
BD97,0079
BD98,005D
BD9D,E0A2
BDA1,0774
BDA2,7233
BDA5,0046
BDA9,781C
BDAB,AF25
BDB1,6B44
BDB4,7CF7
BDC2,9501
BDC4,4D37
BDCB,EF1C
BDD0,6BE1
BDD3,D951
BDDD,644C
BDDE,D94C
BDEB,D874
BDF3,34AF
BDF8,A604
BDFA,3BE0
BDFD,A784
BE02,2901
BE05,A51F
BE0C,F97E
BE0E,77D6
BE13,F901
BE17,7675
BE18,CB56
BE22,8FAB
BE33,C17C
BE45,DFF2
BE58,BBC9
BE5D,6570
BE5E,470A
BE5F,D042
BE6C,830B
BE74,4E96
BE82,41DB
BE8E,29D1
BEAB,6337
BEAD,D0FA
BEAE,298E
BEB2,EF9E
BEB5,1BED
BEB8,8B06
BEB9,4CA3
BEBB,6D76
BEBF,E79F
BED0,30CE
BED7,3FCF
BEDF,8CCA
BEE0,A53A
BEE2,29A4
BEE7,1442
BEF1,0C26
BEF4,BE39
BF00,C818
BF0E,8A59
BF13,8544
BF15,7972
BF18,F409
BF20,1FB4
BF24,165B
BF2E,745B
BF3C,31CB
BF4E,26D1
BF5D,4FA7
BF76,BA1E
BF7A,50EC
BF83,9CFB
BF8A,6DFB
BF8E,9FBB
BF93,8970
BF96,8935
BF98,894F
BFA4,9781
BFAC,17DD
BFAD,84BD
BFB3,B920
BFB5,BAD5
BFD0,33F2
BFDC,98B0
BFE3,C63D
BFE4,94D5
BFEC,FB18
BFEF,B621
BFFA,59EA
BFFF,7AC3
C000,94B4
C005,B68F
C00D,DBCD
C013,D824
C016,2B50
C024,FE45
C02B,8393
C02E,96D6
C03B,831A
C046,E7F5
C051,2517
C056,3420
C057,B5C2
C062,41C0
C064,9D78
C066,4E28
C068,2E66
C070,146B
C072,E1C7
C073,D15E
C075,A694
C079,5672
C07B,D1E1
C085,5E6C
C088,0DC8
C08C,40B0
C09E,24E4
C0A1,8095
C0A5,2A14
C0A6,9052
C0AA,8B14
C0AF,B343
C0BB,D07C
C0C9,B424
C0CF,871C
C0EF,D6D1
C0F6,0B44
C100,D291
C101,37B3
C103,37D3
C10D,F24B
C10F,AD8A
C112,7D9F
C116,3840
C117,332A
C118,3C88
C119,1090
C124,4696
C129,711E
C12A,5227
C132,EB9D
C13B,4669
C15C,1769
C15D,F2B0
C164,8623
C165,C146
C166,BF79
C167,8F98
C168,3D41
C16A,816A
C173,9798
C178,6E9F
C17B,C4B6
C17E,D183
C182,2BCB
C184,9D8C
C185,CAFE
C190,D5DD
C191,AEB8
C195,D2D7
C1A2,85DA
C1A5,A174
C1AC,3E7B
C1AF,9D8D
C1B0,956D
C1B5,9267
C1BA,F244
C1BD,0781
C1C6,8F99
C1D5,C088
C1D9,CF7F
C1E1,3C89
C1E3,3C29
C1E6,3F8A
C209,D68E
C211,9481
C21F,2447
C225,FDB9
C22B,96B9
C22E,2D96
C235,C78C
C25A,F944
C25D,5E81
C25E,D051
C25F,34BD
C261,8B5E
C26B,4DC4
C27F,3BD4
C283,0CFA
C289,47CB
C28C,5DC9
C294,9BF0
C297,D58E
C2A3,95D5
C2AE,9D56
C2CE,8113
C2D5,CFB3
C2DD,819A
C2E0,D92B
C2E4,B6B6
C2E7,D991
C2EB,2BE4
C2EE,6BB7
C2F0,91A2
C2F4,463C
C2F5,9C0E
C2F7,D102
C301,AE62
C304,3FD1
C30C,3F28
C316,3842
C31B,397F
C31D,3872
C322,9E62
C32E,B39E
C335,6178
C340,A112
C354,F982
C35A,1517
C35C,1F65
C35D,D18E
C360,88C7
C36A,B361
C373,D0DA
C376,DCD1
C37D,D1D1
C381,AC30
C382,4625
C387,8058
C38A,C31F
C38B,7C4F
C399,139E
C39B,3A42
C3A1,2BC7
C3A8,B766
C3BF,84FE
C3C3,DEDB
C3C6,B062
C3D2,86F8
C3E4,193C
C3F0,D0D7
C3F3,DFDE
C3F4,DFD1
C401,37B8
C403,37D8
C404,1638
C407,D62B
C40D,2537
C40E,251D
C417,3395
C426,4A6C
C438,0B91
C43B,EB64
C43F,1D1C
C44B,242E
C455,1390
C45D,F285
C460,8019
C467,8165
C468,1D3C
C46C,456F
C472,25C9
C473,9C69
C489,89DC
C490,D56B
C493,3790
C49F,354F
C4A4,9D2B
C4A6,B0BC
C4AE,B0D2
C4B1,1513
C4B9,D751
C4BC,7B38
C4BD,0CBB
C4C0,C026
C4C2,EB62
C4CC,5695
C4CE,C37F
C4D3,0487
C4E1,3CBA
C4E2,1519
C4EC,AD29
C4F1,DC2A
C4FA,DCED
C506,AB44
C50D,AE8D
C511,33B9
C519,1362
C51A,3787
C523,678A
C526,41C8
C527,6F58
C528,67D9
C52B,2BFC
C536,6079
C53A,615F
C53C,6760
C53F,DDBC
C543,A70A
C544,A719
C553,3A46
C555,3874
C556,D122
C558,1097
C562,E424
C564,1D4B
C574,F9B1
C576,DCBC
C57B,D089
C583,3DA7
C584,4589
C594,7B3C
C595,AEBD
C59B,1A1E
C5AA,50B6
C5B7,1397
C5B8,3A74
C5BA,7D9C
C5BF,29FE
C5D1,6C96
C5DF,FBB4
C5E9,3672
C5ED,31BC
C5EF,3389
C5F4,DFBC
C601,D49D
C603,66C9
C60C,DBC0
C612,B5DE
C62B,2A12
C62E,8C3D
C635,CF95
C63D,C375
C64C,00CE
C64D,B74D
C650,9A6D
C651,8554
C664,BD78
C671,34D3
C672,E41A
C67F,A6D1
C688,5DC8
C696,999B
C697,D827
C69B,8679
C6A2,4DDE
C6A6,B350
C6AF,904E
C6B0,FA4B
C6B2,0470
C6BC,9B2A
C6CC,2941
C6DA,FE2F
C6DC,F91E
C6E2,2455
C6E5,D5D1
C6E8,66CF
C6EC,656E
C6ED,D2BC
C6F0,6D0B
C6F3,A528
C70E,8A7D
C71E,85E0
C721,6C51
C72C,670B
C731,6C47
C737,A698
C73C,DD59
C744,8FDF
C749,A4CE
C74C,CF03
C750,2B7E
C757,9BC4
C766,A4FE
C767,457E
C76B,8F8A
C76E,E952
C775,146E
C77C,939C
C77D,5675
C785,15CF
C78A,35CF
C791,D820
C798,D895
C79F,F84F
C7AE,7B8F
C7B3,9890
C7B6,AA8C
C7BA,8247
C7BB,0185
C7BE,4837
C7C1,6050
C7C3,60A0
C7C5,3BFF
C7C8,60A5
C7CA,3BF8
C7D2,6155
C7DF,6F50
C7E5,DBF2
C7E8,3C2B
C7EB,1537
C7F6,A2BD
C7F9,AAB7
C804,B6BF
C812,B92D
C815,DA8A
C827,6053
C828,A569
C829,B300
C830,6C04
C83C,A56E
C841,1528
C849,81B8
C84A,2E58
C854,5670
C857,9893
C85A,F875
C85C,B2D7
C867,B3AA
C871,A82C
C878,7693
C881,39F2
C883,39C2
C887,81E3
C896,119B
C898,B585
C8A6,8170
C8AA,5085
C8B1,B5D8
C8B3,2B54
C8BE,DCDB
C8D4,7586
C8DA,DDA6
C8E3,62CC
C8E5,D8DF
C8ED,D9B8
C8F0,DC6B
C8F4,A6DF
C8F8,A623
C903,AD2F
C90C,376F
C910,302A
C91B,1538
C920,52BC
C937,C32F
C93A,C365
C93E,426C
C953,AB75
C955,F84B
C95B,DC25
C95E,22CA
C964,9DD4
C966,82DE
C967,C376
C969,4FD9
C96C,AC4F
C971,6D90
C974,CB86
C976,D77D
C983,FB6C
C98C,85B0
C994,163A
C998,AEB9
C99F,7D96
C9A3,459A
C9A9,4328
C9B0,3A75
C9B3,3546
C9C3,0B2D
C9C6,713E
C9C8,5529
C9D0,5994
C9D6,499E
C9D7,CFD6
C9EA,D221
C9EC,AE60
C9EE,394F
C9FA,9F60
C9FB,D789
C9FD,D1B8
CA02,B2BB
CA04,8A5B
CA07,DAD0
CA0F,BAB4
CA1C,DB97
CA2B,14F4
CA2E,EDC9
CA36,DD49
CA39,578B
CA4C,A46E
CA4F,7482
CA53,9B2E
CA57,176D
CA65,B308
CA76,D1BD
CA7E,D7B7
CA81,36F6
CA86,FD39
CA8C,7BCF
CA97,D883
CA9B,B9F4
CABA,FA4F
CAC9,43F3
CAD0,63A0
CAD4,46E1
CAD6,617A
CADC,75B2
CADD,5185
CADF,7682
CAF6,DF7A
CAFA,D1E3
CAFE,01BF
CB00,DB93
CB0B,261E
CB27,F519
CB28,FD66
CB2C,C72B
CB33,CCBD
CB34,2D3A
CB36,B4BA
CB37,8B45
CB3A,F51F
CB3B,8764
CB3F,8C1C
CB42,B3EF
CB5B,5DBB
CB64,41F0
CB65,9987
CB6C,836F
CB74,DFEB
CB77,7565
CB78,6EA1
CB80,5D99
CB84,9DE5
CB9A,DBF8
CBA3,8737
CBB1,251E
CBB3,9592
CBB9,34D0
CBC1,CF90
CBC7,C412
CBC8,CFDF
CBCA,F914
CBD7,F90E
CBD9,BB8E
CBE1,64B7
CBE9,2B7D
CBEF,6BD4
CC04,1819
CC0E,163C
CC12,106E
CC1A,AD21
CC20,63D1
CC25,6092
CC2A,6022
CC2C,DE6B
CC35,60DC
CC36,6F22
CC3B,2BF7
CC3C,6C29
CC48,7C30
CC4F,1D72
CC52,F9B2
CC57,7E6B
CC5A,741C
CC5E,6E21
CC86,7F72
CC92,1219
CC94,1F99
CC9A,3722
CC9F,3245
CCA2,4588
CCA6,AF17
CCAB,E4BD
CCB4,FA8F
CCB5,1792
CCB6,DC87
CCC0,6006
CCC1,DE22
CCC7,61E5
CCD0,6159
CCD3,DEDC
CCDE,40C9
CD01,3C96
CD0A,3360
CD0D,31DF
CD11,3725
CD18,AE66
CD1C,AE6F
CD28,5526
CD38,55BA
CD3A,C328
CD3F,1E17
CD40,C8C2
CD46,8227
CD47,51C8
CD4A,8AB2
CD56,D37C
CD59,E7CC
CD6A,7117
CD77,97A1
CD7B,6DDF
CD7F,DCDF
CD81,C5F0
CD83,C5C0
CD87,4F86
CD95,3325
CD96,1360
CD9C,AE95
CDA3,4595
CDAD,B178
CDAF,B7B3
CDB7,986B
CDBC,7E95
CDC9,C345
CDCA,5224
CDCE,489E
CDD0,522E
CDD1,0B21
CDD2,466F
CDD4,7739
CDD8,55DA
CDDA,59D2
CDDE,7317
CDE5,D28C
CDEA,D28D
CDF3,6E28
CE00,9BB1
CE02,2938
CE0B,372B
CE1B,FA70
CE1C,DA6F
CE26,EB50
CE2A,A5C7
CE2B,5380
CE2F,53B0
CE56,A8D4
CE78,9367
CE79,5A44
CE87,19DE
CE8B,814F
CE96,B5D3
CE9A,DBC2
CE9D,8550
CEA5,EB7A
CEAD,7484
CEB5,2B77
CEB6,4633
CEB7,B8FB
CEC6,7629
CED0,14B4
CED1,6CAB
CED3,DD79
CEED,68CD
CEEF,D2DF
CEFF,22FD
CF0C,3F26
CF17,AEDD
CF2A,63BC
CF2C,DEDD
CF30,63D2
CF3F,6CB9
CF46,C139
CF4C,AC03
CF52,29CE
CF53,106C
CF55,1F67
CF59,2AF7
CF5A,3944
CF68,9E97
CF72,C4B1
CF76,DFBD
CF78,DF62
CF7C,9F92
CF7F,DF87
CF82,EB8D
CF8F,AC39
CF94,1F9F
CF96,3542
CF9D,176E
CFA4,777F
CFA5,B36C
CFAB,EB8C
CFBA,3841
CFBD,F6B2
CFC6,5F86
CFC7,6F78
CFC9,41C9
CFCA,614A
CFCF,FBB2
CFD3,DEDE
CFD7,6156
CFDD,51B6
CFEC,3092
CFF1,D328
CFF3,9398
CFFC,D09F
D000,6BA6
D014,8E06
D015,6473
D016,1B17
D019,776F
D01A,6443
D023,DE70
D024,8756
D031,5794
D033,0E95
D04A,4D45
D055,A725
D059,1E62
D064,8CCF
D069,B473
D06E,4D1F
D08A,07AA
D095,6B78
D097,5D70
D099,7795
D09C,2F8E
D0A4,874A
D0A7,4D75
D0AA,0C08
D0AE,BB4A
D0BD,A676
D0CF,8CE6
D0D0,5709
D0D8,5766
D0D9,5713
D0DF,0D2B
D0E5,640F
D0E7,B4A5
D0E9,9600
D0F3,F7A6
D0F4,CD78
D0F8,CEA6
D0FD,AC89
D108,1661
D109,3591
D10D,166D
D111,A4BD
D11F,861C
D122,7B2B
D12B,7BD4
D12E,E0E8
D131,56AC
D13F,5634
D140,E54B
D144,023E
D155,A092
D15B,B667
D15F,C644
D161,06AE
D162,E5EE
D163,E672
D164,12BE
D170,A194
D17F,66B7
D180,0008
D182,0A1C
D183,4471
D195,064B
D1A2,1A8C
D1AC,4B7B
D1B2,8A33
D1BF,CA4F
D1D3,4A70
D1DC,5808
D1E0,D9A5
D1E3,7B64
D1EB,746D
D1EF,A4DD
D1F1,6990
D1F2,6AD0
D1FE,6229
D205,2F14
D214,C671
D21F,F445
D22D,8C49
D230,0D2C
D23A,5CDA
D246,CCF2
D247,C7C2
D252,949F
D260,CCFC
D265,FDCA
D26A,FDC5
D270,F7EA
D273,9469
D291,36BE
D298,E21E
D29B,B868
D2A8,5B34
D2A9,87E5
D2AD,2E7C
D2AE,8C29
D2AF,441B
D2B1,68B8
D2B2,8833
D2B4,B890
D2BA,F04C
D2BC,6A83
D2C1,7AB3
D2C2,E512
D2C3,4930
D2C7,9E33
D2D2,5803
D2E9,8EEA
D2F1,622A
D2FA,FF57
D302,96DD
D309,1C2A
D30A,17F5
D30B,3F93
D311,98B4
D312,9C11
D314,90C5
D316,258A
D317,74E0
D31C,2851
D31D,8B8A
D334,7444
D337,3218
D338,3A3D
D33F,38AE
D341,C4CC
D350,6EF6
D352,915D
D358,D0C5
D361,CBF7
D365,C4F1
D366,9FD2
D37D,97BF
D381,F5C4
D383,F8C4
D38D,F269
D38F,F29E
D390,1CB6
D392,933B
D399,BEC5
D39E,8BB9
D39F,93C0
D3A0,F9FC
D3A4,BDDB
D3B5,D7F9
D3C5,1022
D3CC,1657
D3CE,2AC4
D3D5,AB14
D3D8,3A3B
D3DD,3AAE
D3E6,AD93
D3EE,1CD9
D40A,645A
D40B,159C
D40C,35D7
D410,6B5F
D414,AA72
D429,9579
D42E,EC1F
D431,5331
D432,4372
D440,071A
D44F,0511
D455,ACDA
D464,18D4
D466,E730
D468,051D
D46F,E61B
D471,A127
D472,A392
D473,7197
D478,AF2E
D47B,A0DE
D47C,7F6C
D47E,AC26
D482,EF70
D483,0038
D487,0739
D48C,031A
D48D,0718
D48E,5EA8
D490,4D13
D49E,1E97
D4AA,5D36
D4AC,0138
D4B5,A7D8
D4BB,B999
D4C1,7989
D4DB,5919
D4E3,99AA
D4E5,B409
D4E6,D558
D4E7,95A9
D4E9,BB05
D4F8,BA99
D506,11D3
D50A,1F2A
D50E,3FC0
D514,90ED
D515,D8F7
D519,91E7
D51B,E324
D51F,E724
D523,9A83
D52E,902B
D52F,E32A
D531,F8AA
D536,3832
D545,CB6D
D549,F2CE
D54E,FAF4
D563,F59D
D566,BE21
D569,918E
D56B,22CB
D572,D70E
D573,D10C
D57E,D0C0
D582,E1B0
D585,F897
D58E,FAF7
D591,8B51
D5A5,F26C
D5AD,28C2
D5B3,BE4B
D5B5,9385
D5B6,93D3
D5B9,9111
D5BF,BD5D
D5C5,1F8D
D5E0,1FD8
D5E6,D8C1
D5F4,DF1C
D5F5,D168
D5FC,91EC
D5FF,6DAD
D608,3A2D
D610,2CD6
D61B,C875
D621,7820
D62A,9E13
D630,57B9
D638,0B39
D63C,5A13
D63F,58A3
D641,541C
D652,B860
D655,F077
D661,5B37
D662,1624
D663,5B1B
D664,44E7
D66A,FEF7
D66B,E95C
D673,62D8
D67F,6820
D681,0514
D685,FEC5
D688,0A3D
D698,A4DB
D69E,CEB6
D6A0,C7C9
D6A2,12D2
D6A6,2E23
D6A8,0A1D
D6AF,E85E
D6B7,F057
D6B8,DBB9
D6B9,8E01
D6BC,682A
D6C0,9D37
D6C3,142F
D6C7,4C94
D6CA,479F
D6CD,2EFB
D6D3,553B
D6DB,04A8
D6DE,0D64
D6DF,E476
D6E3,32DC
D6EC,169E
D6F4,66D4
D705,1C23
D707,AD9A
D70A,3C93
D70C,FDA5
D70D,1CC5
D710,178F
D71D,9C28
D72A,7EBC
D72D,BD22
D73E,AB0E
D743,4F81
D748,40BB
D74A,F298
D74E,FAC8
D75D,9CF5
D76C,516D
D77C,9E5D
D77F,DD37
D78C,EE84
D791,CC77
D794,B757
D797,1CB0
D79A,3CCA
D79B,B75E
D7A7,84B1
D7A9,9FBE
D7BB,B731
D7CD,93D5
D7D2,CF9B
D7DA,32A8
D7E3,2E04
D7EA,376A
D806,87AF
D807,2D08
D80B,DA67
D810,2DFD
D819,B712
D81B,E387
D81D,EE8A
D835,C3DD
D838,383D
D83B,F808
D848,F8FB
D85E,9DE7
D868,F8CB
D874,6D07
D87D,B741
D892,9314
D8A2,9FE0
D8AC,01C3
D8AD,4FD7
D8B4,4DD4
D8B6,BC59
D8D6,C7D0
D8D8,383B
D8DE,FE61
D8DF,127B
D8E3,D2F1
D8E4,B4DD
D8EA,CCEC
D8EC,96C2
D8FF,DFAD
D905,D20F
D90C,1261
D90E,D953
D911,32BE
D912,B86F
D915,38B7
D91D,8839
D926,E5ED
D928,EB35
D92F,E557
D938,EB46
D939,4976
D941,E944
D945,03AA
D946,E140
D947,E84B
D948,0A0D
D94E,0F10
D94F,4B71
D950,A394
D957,6265
D96B,E91B
D975,6896
D976,6289
D97E,A32E
D9A6,E21B
D9AA,05AD
D9B2,B893
D9BC,6895
D9CB,4BED
D9D2,5813
D9D8,0B09
D9DB,0416
D9DE,5312
D9DF,467B
D9E8,1A9B
D9F2,6823
D9F7,B896
D9FA,7194
DA0B,96F2
DA0D,8C0E
DA1B,9F34
DA22,978D
DA26,47FF
DA2E,EEC2
DA35,C7B8
DA51,DF37
DA55,6C35
DA56,ED8D
DA58,6D1C
DA63,0FCA
DA69,412D
DA6E,B3E4
DA71,DF3B
DA72,DFAC
DA76,DD1D
DA78,6E34
DA95,CCB2
DAA0,0DC2
DAA6,EEF2
DAAB,978C
DAB5,DE3F
DABA,DE38
DABF,E7BE
DAC4,9148
DAC5,809C
DAC9,4FC1
DACB,9F7A
DACC,9AD0
DACD,B14D
DAD0,C0BD
DAD1,FA3F
DAD3,FA38
DADB,F833
DAE2,9AD7
DAE8,6BF4
DAE9,8705
DAEC,BBCB
DAEF,6BC1
DAF3,9114
DB01,CDAE
DB04,2F32
DB08,8DEC
DB0F,CD14
DB11,FC39
DB15,0C46
DB16,141C
DB1D,1D91
DB26,EC58
DB2B,2EE4
DB2D,95E5
DB30,5C0A
DB3B,0DB7
DB46,0C15
DB4D,0C1A
DB50,ACD5
DB62,87DE
DB7B,FCEA
DB7F,FC4A
DB87,E746
DB89,5E18
DB8E,07A8
DB90,5D40
DB99,7538
DBBA,3E22
DBD1,5792
DBE0,6406
DBE2,8E1F
DBE3,27EA
DBE6,D6E9
DBE7,95A6
DBE8,CD09
DBEC,2759
DBEF,FC36
DBF3,8DA2
DBFD,3EDC
DBFF,CE4C
DC05,7DC5
DC06,3CF0
DC0C,D5F4
DC0F,D5C1
DC17,7BE5
DC1A,37C8
DC1D,BDF5
DC1E,2688
DC2C,1AE7
DC33,3937
DC36,AB32
DC38,A411
DC3E,3A0E
DC3F,A41B
DC42,F26E
DC45,F9FA
DC6C,F6C2
DC6E,90D5
DC6F,25F2
DC73,9FC5
DC7A,6DF6
DC86,C4F2
DC8A,FAF1
DC8B,CBCC
DC8C,CBFD
DC94,973B
DC96,8BB8
DC9A,3CF3
DC9D,BEFF
DCA8,CBF4
DCAE,2ADE
DCB1,D137
DCBC,DC1C
DCC1,17BE
DCC6,29F5
DCCC,13D2
DCD7,321F
DCF2,917B
DD03,D2E8
DD08,D9E8
DD0A,950A
DD14,7397
DD16,3B74
DD1E,7769
DD21,722F
DD25,9BE1
DD29,9673
DD2C,4858
DD31,5A36
DD34,4041
DD37,0E1E
DD39,4740
DD3C,5918
DD40,5E36
DD47,5E1A
DD4B,0FA3
DD4E,0C09
DD50,A7D9
DD57,3E2E
DD65,0716
DD69,9655
DD72,6296
DD7D,3ED1
DD7F,622F
DD80,5E39
DD85,5E15
DD89,4D40
DD91,EF33
DD95,6BE5
DDA7,0C13
DDB4,7A3C
DDB5,3EBD
DDB7,A72A
DDBC,68D9
DDC1,41EE
DDC9,B448
DDCC,49E9
DDD1,501E
DDD6,4C76
DDD9,EE41
DDDA,0D1C
DDDE,0D07
DDE8,9908
DDF0,A729
DDF1,7F9E
DDF9,3E61
DE00,AE99
DE04,C7EA
DE0C,2D0F
DE0D,AECF
DE19,BED8
DE1B,EE25
DE1D,8B25
DE20,1912
DE22,B1EB
DE24,BCEF
DE2A,1F89
DE39,1276
DE3A,3809
DE3B,C12C
DE42,53F7
DE47,2AB6
DE4A,2AB1
DE4F,EDB2
DE50,6E69
DE56,8BB3
DE68,5C68
DE6E,2AC2
DE7D,6EC3
DE81,506D
DE93,C778
DE94,47D6
DEA2,B051
DEA6,29C6
DEAB,41C1
DEAD,29CF
DEB0,BEB6
DEBE,8488
DECA,74EE
DECD,8B27
DED0,3AA7
DED1,C7DF
DED5,ABA7
DEE1,CC01
DEED,ADC0
DEF1,BCE9
DF0C,D297
DF12,BEED
DF1A,31CA
DF1F,4D21
DF2A,7DB7
DF31,36AC
DF34,36AD
DF35,7471
DF37,7B4B
DF38,3207
DF39,391D
DF3C,154B
DF43,E380
DF50,90BF
DF63,E180
DF69,25DE
DF6C,0F9A
DF6F,E3FF
DF72,DF1B
DF73,BEE7
DF75,9123
DF7D,D3FF
DF84,F59C
DF88,F267
DF89,FACC
DF8B,F6FD
DF93,2677
DF96,EC21
DF9E,97ED
DFA4,262D
DFAF,26F4
DFB0,D70D
DFB3,D7AE
DFB4,9332
DFBC,9341
DFC0,1232
DFC3,2215
DFC4,91EF
DFC7,17D2
DFD8,2875
DFDF,F83F
DFE0,3F9A
DFE4,6B9C
DFF1,DCAE
DFF6,DC37
DFFA,D707
DFFC,D1A7
DFFE,D11B
E002,999E
E00C,9961
E00E,A7F5
E015,ACC3
E020,7B35
E030,7B46
E035,ABAA
E036,AB30
E038,C7D6
E039,1540
E03A,35AA
E058,6E06
E061,4CB6
E065,F599
E06B,4CC6
E06C,EDBF
E072,6E02
E074,6D58
E079,DB02
E07C,9FA4
E09A,1B51
E0B5,DBEB
E0C0,7D88
E0E4,BB6A
E0E5,AC68
E0E6,ACF0
E0F5,DBAB
E0F6,D4AB
E101,6993
E108,B9D8
E125,1215
E12E,2AD8
E12F,4D2C
E13A,38A3
E140,E7BB
E143,E782
E146,0CFB
E152,1499
E159,B80E
E16A,0767
E183,4D81
E185,2880
E18A,F893
E18B,5DFD
E197,BA8F
E198,8243
E19E,7A66
E1A3,4EB4
E1AD,918A
E1B6,5945
E1B7,A2D5
E1C2,E3DC
E1D4,F83E
E1D6,F634
E1E6,AFC4
E1E8,D469
E1E9,71F2
E1EB,B6FB
E1EE,AF6E
E1EF,66FB
E1F0,7A96
E1F4,A8D3
E1FD,A9DA
E214,5671
E21C,2BE5
E222,BE7D
E227,8765
E22D,BC49
E22E,EDC1
E24B,0CFE
E251,34BA
E257,D7E9
E25C,A5DD
E261,01C4
E267,5CC2
E26B,9C4E
E26D,BC4E
E272,349F
E273,1469
E27E,6D56
E27F,A68D
E284,009C
E285,5CFA
E293,8943
E294,7A9A
E29C,B2B0
E29D,900C
E2A2,90E4
E2A9,B7E5
E2AB,BE7C
E2AF,4DCB
E2B1,A8B8
E2B5,D0EC
E2B9,E0FE
E2BD,BE0E
E2C4,9C4C
E2C5,8C6E
E2CE,BC4C
E2D1,F831
E2D4,2872
E2D6,C7DE
E2D8,F517
E2E4,DB98
E2E5,B469
E2F4,A890
E2FE,D0A2
E306,1DD3
E30B,3E6A
E30C,71FF
E318,76EB
E31C,72E0
E31E,9BAA
E322,16C1
E324,9A15
E333,A8C6
E338,B231
E33D,D4A7
E33F,A86A
E34A,9535
E34E,9645
E351,6A7A
E35E,B501
E368,DA1A
E370,9408
E378,9BA9
E37C,B9A3
E37F,6850
E382,329D
E38A,D63F
E38B,16B4
E394,0E46
E397,79EB
E3A0,6B36
E3A2,122D
E3A5,6B1A
E3A7,D510
E3AE,96EA
E3B2,BA0F
E3B6,9B00
E3B9,B904
E3CB,E37A
E3CC,49E6
E3E1,AFFF
E3E2,71D3
E3E6,A367
E3FB,D45F
E3FD,DB50
E3FF,D4A6
E402,6898
E416,5C45
E41D,B60A
E429,9789
E42A,1C89
E42F,2AFF
E437,3539
E439,747F
E43B,3833
E443,01F7
E44B,07CC
E455,66EA
E460,F6F8
E464,93E4
E473,B2A7
E478,695E
E479,66AF
E47A,66E9
E47C,B90C
E47F,6A4E
E48C,F8CA
E48F,F2F0
E490,7650
E494,7A69
E497,7CB0
E4A3,F9CA
E4AB,91B3
E4B5,65E8
E4B8,AAD9
E4C2,ECC1
E4D1,F234
E4D6,3530
E4D9,AB03
E4E3,71C4
E4E6,3EC1
E4E7,1ECB
E4E8,AFC2
E4EE,A798
E4F9,65E0
E4FA,665A
E4FF,A989
E505,A79D
E510,1B4A
E51B,4817
E520,417E
E521,A2F3
E529,12D7
E52E,9A5A
E531,A968
E533,A268
E534,1BF5
E536,A8CF
E540,D908
E543,AB9D
E549,32C1
E55B,5872
E55D,5370
E55F,5842
E567,386D
E569,12C1
E577,B2A5
E57A,690F
E57D,6873
E581,366C
E583,326C
E585,389D
E58B,38CE
E58F,38FE
E590,3EFA
E593,A3C8
E5A9,162D
E5AC,386C
E5B3,6AE6
E5CF,19D7
E5D0,620C
E5D1,14D9
E5D8,3B99
E5D9,78F5
E5E0,1E29
E5EE,1EF5
E5F1,B206
E5F7,B20F
E5F8,68A6
E603,65CB
E606,BB9F
E608,DBC6
E611,B280
E61E,BE09
E622,9C7E
E627,2D60
E628,84ED
E62D,EEC5
E633,F814
E63B,F50C
E643,5EFB
E64A,0DCC
E64C,03C7
E64D,576A
E650,6EE9
E65F,4813
E663,5ECB
E666,B75F
E66F,9051
E676,D052
E67A,6DEC
E67B,AADF
E67C,7993
E67D,6EE1
E67F,A820
E696,9CA8
E697,8417
E6A2,91E2
E6A3,01F1
E6AC,0CCE
E6BB,E418
E6C5,8C18
E6CC,2657
E6D0,C7D9
E6D6,CC26
E6D8,FA3B
E6DC,F817
E6E1,69FF
E6E9,9962
E6ED,6494
E6F1,7567
E6F8,3B29
E705,70D7
E70C,D966
E70E,73C1
E710,7CB2
E714,4EF8
E720,9B71
E72F,2D21
E732,B7A8
E736,D43B
E745,9653
E746,D538
E756,5741
E758,6EEF
E75D,B50C
E763,C7AE
E765,D5A3
E766,E748
E76D,953F
E771,DCA0
E77B,D7E8
E77E,65E2
E77F,D748
E782,CC16
E789,6416
E78D,D635
E78E,9676
E791,D2B9
E799,4137
E79E,BA0B
E7A1,2D71
E7A4,2D2B
E7AB,2D34
E7AC,FE0D
E7AF,2DB7
E7C0,4C43
E7C2,2EDF
E7C4,8757
E7C9,4EEF
E7DB,BCA7
E7EB,969A
E7F6,6947
E800,64D8
E803,A0C6
E80C,B2F1
E816,03B6
E818,79E6
E81E,BEAA
E830,B7A9
E836,DDA0
E83B,A99A
E841,7BF4
E842,356C
E849,C70C
E84B,1981
E84C,12F1
E851,AA87
E85E,970F
E860,C739
E865,FE3D
E867,FE15
E86D,8C2F
E874,6905
E87A,D359
E88B,15B1
E890,D625
E895,6420
E89B,5046
E8A1,35C7
E8B0,6E7A
E8B2,7A61
E8B5,D77A
E8B7,D0E9
E8C4,EA4D
E8CD,2EBD
E8D0,6759
E8D1,75F4
E8D5,DE5D
E8DC,72FF
E8DD,6705
E8DF,1B28
E8E7,986A
E8EB,6997
E8F7,90A9
E8F9,D105
E8FA,9CA3
E8FB,625F
E902,B2C0
E905,AF6C
E90D,A1F2
E910,727E
E915,68FA
E917,8A5F
E91A,68C8
E91B,481A
E91C,89E0
E927,255C
E928,2A34
E937,2244
E93F,F832
E944,00F4
E945,F89A
E946,22B0
E955,A8D6
E961,EFBB
E962,917E
E965,F268
E973,A26F
E976,A289
E97C,7295
E980,2A85
E994,EB39
E99D,4017
E9A1,0C6C
E9AB,E3C2
E9AC,E184
E9B1,3465
E9B3,A5DB
E9B8,3BD6
E9BB,0476
E9C2,91E1
E9C4,E0DD
E9C7,2834
E9D5,38AA
E9DC,2874
E9DE,3A10
E9DF,847B
E9F0,6201
E9F8,3B96
E9FE,687E
E9FF,A69B
EA04,B22E
EA07,D8DA
EA11,A0C8
EA18,738F
EA22,7BFB
EA2A,DE7C
EA30,DEE7
EA3E,67AF
EA4A,FD15
EA4E,FEA3
EA52,B2AF
EA58,6978
EA66,87BE
EA7B,6959
EA7D,D7E3
EA7E,6EE0
EA7F,6979
EA8A,CC36
EA90,2A3A
EA9D,9F0A
EAB8,AA27
EAB9,EFC9
EAC6,2EB8
EAD5,9DAA
EAD9,DD00
EAF1,A227
EAF4,A892
EAF6,D179
EB00,1DDC
EB16,ED1C
EB17,7578
EB1E,4C3A
EB21,FD44
EB26,2628
EB2C,8798
EB2D,97D5
EB37,1546
EB3A,36A8
EB3E,36A9
EB43,4782
EB52,BDA9
EB57,DB0B
EB5A,D451
EB72,6D59
EB73,9705
EB7E,D45B
EB7F,DC4A
EB82,57C8
EB8C,EEBB
EB92,E0FC
EB96,EE1E
EBA0,C469
EBA1,0E67
EBA8,5C69
EBA9,BE88
EBB9,EE3E
EBBC,D0E1
EBBE,B503
EBC5,1615
EBCC,873E
EBD2,C762
EBE5,1ED7
EBE8,6466
EBE9,77CF
EBEE,3E9C
EBF2,6EE2
EBF8,BD01
EBFC,DFA4
EBFD,DBEC
EBFE,65E3
EC03,71C5
EC0E,73D7
EC13,757C
EC15,764E
EC3F,6932
EC4A,6415
EC4C,35F4
EC4F,36CD
EC5E,EE33
EC61,32F7
EC63,32F4
EC65,6B3F
EC6A,6B38
EC6B,16CB
EC74,D456
EC7B,665D
EC7C,B5AD
EC90,78E4
EC92,5070
EC96,5144
EC97,7381
EC9F,534F
ECAA,643A
ECBD,B9AD
ECC7,B640
ECCD,BB3F
ECD8,7AC6
ECE8,A7F4
ECEA,3DC5
ECEE,3D63
ECF1,625A
ECF3,B2AA
ED06,7728
ED15,1D84
ED1A,7C80
ED1D,5775
ED24,9FB8
ED26,25C5
ED31,F53B
ED33,F83B
ED3E,1645
ED42,ECBB
ED4B,F993
ED4C,03FD
ED58,6857
ED63,F2FF
ED6A,F5FA
ED6E,26DA
ED79,6500
ED81,07FB
ED82,E381
ED85,CBC5
ED89,84B0
ED8A,F5C5
ED8F,0367
EDAC,07F7
EDB2,7965
EDB3,6A77
EDBC,A8D9
EDD3,3815
EDD5,3536
EDE4,7F27
EDED,3D97
EDF3,69EC
EE02,9A6A
EE0A,1D2A
EE0B,64D3
EE23,DD73
EE2C,4CFE
EE2D,4E55
EE39,94EE
EE41,8CE9
EE48,C7A9
EE4A,B4E9
EE4C,2DE8
EE55,68EB
EE58,6EA5
EE62,2E10
EE66,9659
EE6B,8C89
EE6C,FEAA
EE71,D3A6
EE7D,627C
EE82,C70E
EE90,3DC3
EE91,2633
EE92,9006
EE98,6483
EE9E,EE1A
EE9F,BE0F
EEAC,FE08
EEB5,6554
EEBA,DB0F
EEBB,5EB0
EEBD,0E40
EEC6,B4EA
EECA,EE51
EED4,67EA
EEDB,6758
EEDC,9D0F
EEDD,651F
EEE6,A3C1
EEF5,6601
EF07,A19A
EF0A,AF93
EF16,4C1C
EF1C,7878
EF1F,4F18
EF24,E9E4
EF26,E350
EF2E,E0EF
EF31,A567
EF35,B95E
EF36,6914
EF40,152D
EF4F,35FC
EF57,650B
EF59,94A9
EF71,6A05
EF73,BA05
EF85,9253
EF8C,7B2D
EF8E,9840
EF92,483C
EF93,8977
EF99,4338
EF9D,BAA0
EFA0,9A4F
EFA3,A49C
EFAE,E3E0
EFB2,4A3E
EFB3,AA92
EFB4,786E
EFB9,4033
EFBF,5A41
EFC0,4878
EFCB,152E
EFCF,E552
EFDC,A29A
EFE0,3D69
EFE5,77D7
EFEA,A767
EFEC,7029
EFF2,AAD2
EFFF,AABC
F000,36D5
F008,FF1C
F01E,1665
F02B,4393
F030,E44B
F038,0EBA
F03B,B31A
F040,060A
F046,E535
F04C,C3C3
F058,20ED
F068,EE66
F06B,2D79
F070,946B
F07A,D490
F082,812A
F088,FDC8
F097,3A27
F099,7B61
F09F,8D5D
F0A3,4395
F0C9,7624
F0DD,1BBD
F0F1,8EA1
F0FF,2FFD
F101,3733
F105,FC1B
F107,217B
F10D,21BD
F11A,3038
F11F,E689
F131,FB2C
F13D,8297
F148,4580
F15B,058F
F161,8568
F168,DDB1
F16C,2B9E
F170,3F00
F17F,AD49
F188,5699
F189,49F1
F191,AE38
F193,AE3F
F194,7E53
F195,F134
F198,3715
F199,212B
F19A,F137
F19E,215C
F1A8,249C
F1AB,EBC1
F1AD,49F2
F1BA,21B7
F1BC,E583
F1C0,5089
F1C5,51B9
F1D6,6145
F1E4,373A
F1E9,E2B8
F1EB,44B9
F1F1,3CE3
F1F5,27AC
F206,F117
F20B,441E
F212,7499
F21A,FF37
F22E,ED96
F23A,572C
F23D,ED69
F23E,6C71
F23F,1421
F240,8380
F256,CE7C
F257,8E3B
F25F,D4BD
F26B,4414
F271,D4DD
F279,CE8B
F27A,CE5C
F284,74D5
F286,2D4A
F28D,2DF6
F290,F714
F29B,7B6C
F29E,235E
F2A5,DD46
F2A8,46EA
F2AE,2D56
F2B1,4B1E
F2B2,66D2
F2BA,23BC
F2BD,FCB2
F2CF,4531
F2D4,46EC
F2DB,465E
F2DE,4F68
F2E1,36BA
F2E3,36DA
F2F5,2C0E
F2F8,9463
F2FB,861E
F30E,A1E1
F329,7F33
F32D,4893
F32F,429D
F331,582C
F347,C8C3
F35C,770F
F367,7138
F37F,9DB1
F385,C8C0
F395,A054
F3A6,B3B3
F3AC,713D
F3B2,8683
F3B7,8306
F3C5,559B
F3C6,771C
F3D0,0BDA
F3D6,E466
F3E1,A743
F3E2,46CA
F3E4,45C9
F3ED,C356
F3F0,61C2
F3F8,67F5
F405,FC34
F406,2744
F408,AE30
F409,214B
F40B,E620
F40D,27D4
F40F,1C70
F410,104F
F413,3CA8
F41B,1C35
F41F,E6BA
F428,C666
F42F,2467
F431,F4DD
F432,2B9B
F43C,C588
F43E,B3FC
F440,C1C9
F44B,E42E
F457,135A
F45B,06B6
F45D,0285
F45E,31E0
F469,8F56
F46D,8FF6
F477,1F03
F47F,37E5
F480,5A6E
F48C,56C9
F48D,492E
F491,1770
F496,2CB7
F497,2144
F498,37AA
F4B6,FC4D
F4BB,0685
F4C2,2B62
F4C6,4F6A
F4C7,5166
F4C8,F4D1
F4CA,5065
F4D6,BF18
F4E2,E526
F4E6,1170
F4F1,3C5A
F4F3,1CAA
F4F5,2C0D
F4F9,F1EB
F501,ACA6
F503,AC5F
F504,A779
F507,CF05
F50E,A14C
F514,1D04
F515,C349
F522,731C
F523,582D
F525,52D8
F52C,5AB7
F52E,7C3D
F52F,4291
F539,4993
F540,C667
F543,FB93
F54F,86C2
F554,24DB
F563,4597
F56A,A744
F56B,9E20
F56E,BCD4
F577,B358
F579,40BA
F57C,BCD3
F57E,82BC
F58F,B0BD
F597,C3E9
F59D,48CE
F5AF,B121
F5B3,0BBB
F5B6,82D2
F5BF,852F
F5C0,0B29
F5C4,4561
F5C6,1E18
F5C9,7F1A
F5CC,588D
F5CE,4664
F5D2,489D
F5D6,4567
F5E1,A750
F5E5,CFE5
F5E7,C1A6
F5E9,C0B5
F5F6,898E
F5F8,DD6D
F5FA,B1DE
F614,7498
F626,4390
F627,5F83
F62C,E475
F640,CC67
F644,7BD6
F646,87F4
F659,21FE
F65A,2787
F65C,1A61
F65D,FC54
F662,E912
F668,45E9
F66C,14DF
F674,8519
F679,FC82
F680,8CB4
F685,C068
F687,83B0
F692,1A9E
F694,547F
F69C,3A94
F69F,1696
F6BC,1A94
F6C2,1483
F6C6,9E18
F6C9,BF1A
F6CB,4616
F6CD,ED9F
F6DD,674B
F6F0,CD0B
F6F2,2438
F6F4,6526
F6F9,F1B1
F700,DA9E
F716,2679
F71E,8456
F723,5AD5
F724,4996
F731,59D9
F739,263F
F73B,4A65
F741,50F1
F749,9178
F74A,01C6
F74C,506E
F756,D718
F763,8F1E
F765,99B9
F767,221F
F768,8F3C
F76A,2935
F76D,E3CF
F77B,47D4
F789,ECFF
F78E,9773
F793,C0A0
F797,6BCE
F798,C0A5
F79D,BBF2
F7B2,BF40
F7C0,F819
F7C7,F835
F7D0,2A45
F7D4,8F61
F7DB,8F92
F7E0,B486
F7EE,D5FA
F7EF,C7E4
F7F0,9F5E
F7FB,4F20
F80A,FDA6
F80E,FE79
F810,FEE9
F814,B4CF
F816,83C3
F817,C053
F82D,8061
F82F,2916
F830,59D6
F83A,C192
F83C,287F
F844,BE55
F84D,B0B9
F850,2E09
F85D,BF75
F86B,BE43
F86F,ECD3
F875,6FAA
F87F,BD41
F88E,88C6
F895,C74D
F898,BBB6
F89C,DA97
F89D,2DC8
F8A2,E328
F8A3,2AE9
F8A8,B4DF
F8A9,41DE
F8B8,8BE6
F8BA,8CAC
F8C3,F608
F8C4,8B10
F8C7,C1BC
F8CA,5ABA
F8CB,8B30
F8CD,429F
F8D4,BB25
F8DC,FA3A
F8E3,DACE
F8EC,6B6E
F8F2,EFD1
F8F3,6E1F
F8F8,6E35
F8FD,671D
F8FF,4DD6
F909,238D
F910,3015
F911,371A
F913,AE1A
F915,F33D
F91A,F73D
F91C,3710
F921,F4DC
F927,50BA
F928,C589
F941,4686
F94A,48B2
F95E,E2CA
F95F,AD50
F969,8FD9
F96B,7C5F
F96C,6CBF
F96D,7352
F96F,4528
F970,11A5
F973,3CA5
F97D,F37D
F987,8186
F989,80F5
F98C,45B0
F995,331A
F99A,3310
F9A0,61B1
F9A2,46D3
F9A7,6045
F9AD,8FE5
F9B2,E6CA
F9B7,233B
F9BC,7E15
F9BE,3155
F9C9,BF39
F9D9,4399
F9EE,E9B8
F9F1,7EAF
F9F2,54BF
F9F6,0280
F9FE,3F48
FA03,6BF1
FA0E,CFBF
FA0F,B482
FA11,968F
FA12,B4C6
FA15,FDEA
FA17,C7ED
FA1A,FD4A
FA1B,96F5
FA22,B4B3
FA23,2670
FA28,C4AA
FA29,733A
FA2A,52D9
FA2B,968A
FA2F,253F
FA39,4A99
FA3F,9520
FA47,536E
FA50,CC81
FA52,4E88
FA53,9628
FA55,2D0A
FA56,671C
FA59,EED5
FA5C,95D9
FA5D,478C
FA6F,914A
FA72,E726
FA76,DD39
FA8E,BF88
FA8F,9750
FA97,C073
FA9A,C348
FA9B,BBF1
FAA7,A076
FAAB,ECC5
FAB9,B140
FABC,2AE1
FAC9,8362
FACF,2235
FAD2,99D5
FAF8,9F32
FAF9,6F13
FAFE,4FB8
FB08,F332
FB0B,2C22
FB0C,2742
FB13,CDAC
FB15,A4DA
FB21,5764
FB29,75D5
FB2A,5636
FB2F,4C67
FB39,EB1B
FB58,2FD4
FB5B,CDBB
FB63,BF13
FB65,148A
FB69,1AD2
FB72,8ECD
FB7E,DBB7
FB89,E516
FB8D,4436
FB93,F7AE
FB95,3ADC
FB96,5B42
FB97,AB8E
FB9B,2731
FBA1,4C91
FBA6,1689
FBAB,8CFB
FBB8,2757
FBBB,FC84
FBBF,FC77
FBC7,5612
FBD3,5F8A
FBDA,5632
FBE0,A426
FBE7,A49F
FBE8,8D7B
FBEA,3689
FBEB,8ED4
FBF1,FC57
FBF8,210E
FBF9,668E
FBFC,FC02
FBFF,FC52
FC01,3E4C
FC10,A3E1
FC14,E4CD
FC19,730E
FC2A,5564
FC37,0B88
FC39,459B
FC3B,4692
FC48,C2CD
FC51,E4CC
FC54,9E81
FC5F,DDFD
FC61,4991
FC64,88C1
FC68,701D
FC6D,89C5
FC73,9DFB
FC74,BCB6
FC7F,9EB4
FC87,F4C9
FC91,3E52
FC97,C1E5
FC99,8FC9
FC9E,81A9
FCA3,7C1E
FCA5,7737
FCA8,EB6F
FCBE,4388
FCC6,4A68
FCCD,AF75
FCCE,A140
FCE5,A0EC
FCE6,AF52
FCE7,A3EE
FCE8,3D5B
FCED,49CE
FCF1,DDC4
FCF3,9DC4
FCFA,6F36
FCFE,4026
FD07,F111
FD09,232B
FD0A,3303
FD0D,114F
FD17,F107
FD20,C2D1
FD2A,5096
FD2F,8563
FD38,C5BA
FD3D,B339
FD3F,9EC7
FD58,7EE9
FD59,27CC
FD5C,7EE8
FD5E,0980
FD68,8566
FD6A,B1C7
FD73,AD53
FD75,F3E7
FD76,F75B
FD77,27A1
FD78,7E0A
FD79,21FD
FD7C,1C00
FD7F,3CEF
FD86,80E6
FD87,8F86
FD8C,EBB2
FD93,1746
FDA6,8179
FDA7,B139
FDAC,BCCA
FDB0,EA25
FDB4,AE4A
FDB7,23ED
FDBD,3F43
FDCB,8699
FDD4,B7F9
FDD9,4396
FDEA,F11D
FDED,237B
FDEE,E9DF
FDF3,AE58
FDFC,7DA3
FE02,81F8
FE15,DAC7
FE17,6BC2
FE20,C438
FE24,A345
FE28,5826
FE29,9A2F
FE33,C12E
FE3C,CFD2
FE3E,843F
FE46,ECC0
FE49,E0C6
FE4B,B0D6
FE4F,82D9
FE54,EEBA
FE55,2A77
FE57,BBC2
FE58,2E06
FE5C,830F
FE66,4DD3
FE6A,9683
FE6B,B189
FE6C,813C
FE6D,BE50
FE82,4127
FE83,53C2
FE9C,C3A5
FE9F,8CAB
FEAC,8117
FEAD,91E5
FEBF,4721
FEC5,F63F
FECB,4299
FED8,58DA
FEDB,7039
FEE2,81CA
FEEF,CFEF
FEFE,6E19
FF01,3E4E
FF16,5AB2
FF1C,3EED
FF1F,048B
FF25,04B9
FF26,469D
FF2D,A771
FF32,466C
FF4E,89FF
FF4F,B1B7
FF51,56B5
FF56,6FFE
FF5C,1E0D
FF62,B12B
FF63,A14B
FF64,88D7
FF74,DEF7
FF76,61C7
FF79,89BC
FF7A,6FF2
FF7B,86B9
FF7D,8287
FF81,C5F2
FF84,B78E
FF86,9DBA
FF8B,24C5
FF8C,2B80
FF92,45F3
FF94,77A0
FF9A,C14A
FFA0,469C
FFA8,459E
FFAD,85C1
FFB6,6018
FFBA,C1B5
FFC2,429B
FFC3,52BD
FFD3,5A8C
FFD5,59B3
FFD9,A070
FFDE,4968
FFE3,3D5D
FFE7,A3A2
FFE9,59B1
FFEA,A04E
FFFC,6C63